Class,Member,Type,Category,Access,14393,19045,22621,26100,Desc
Win32_VideoController,AcceleratorCapabilities,UInt16,Property,Property,✅,✅,✅,✅,一个整数数组，用于指明视频控制器的图形和 3D 功能。
Win32_VideoController,AdapterCompatibility,String,Property,Property,✅,✅,✅,✅,AdapterCompatibility 属性包含此控制器使用的通用芯片集，它用于与系统比较兼容性
Win32_VideoController,AdapterDACType,String,Property,Property,✅,✅,✅,✅,AdapterDACType 属性包含数字-模拟转换器(DAC)芯片名称或 ID 的字符串。 字符集: 字母数字
Win32_VideoController,AdapterRAM,UInt32,Property,Property,✅,✅,✅,✅,AdapterRAM 属性指明视频适配器的内存大小。 例如: 64000
Win32_VideoController,Availability,UInt16,Property,Property,✅,✅,✅,✅,设备的可用性和状态。例如: Availability 属性可以指明设备正在运行并且为全功率(值=3)、或者处于警告(4)、测试(5)、降级(10)或节能状态(值为 13-15 和 17)。有关节能状态，其定义如下所示: 值 13 (“节能 - 未知”)表示设备处于节能模式，但是它在该模式中的准确状态未知；14 (“节能 - 低功耗模式”)表示设备处于节能状态，但仍然正常运转，可能会出现性能下降；15 (“节能 - 待机”)表示设备没有正常运转，但是可以“快速”转入全功率工作状态；值为 17 (“节能 - 警告”)时表示设备虽然处于节能模式，但它的状态是警告状态。 [枚举值: 1 - 其他; 2 - 未知; 3 - 正在运行/全功耗; 4 - 警告; 5 - 正在测试; 6 - 不适用; 7 - 关闭电源; 8 - 脱机; 9 - 休息; 10 - 已降级; 11 - 未安装; 12 - 安装错误; 13 - 节能 - 未知; 14 - 节能 - 低功耗模式; 15 - 节能 - 待机; 16 - 电源重启; 17 - 节能 - 警告; 18 - 已暂停; 19 - 未就绪; 20 - 未配置; 21 - 静止]
Win32_VideoController,CapabilityDescriptions,String,Property,Property,✅,✅,✅,✅,一个自由格式字符串数组，用于为“功能”数组中指出的任何视频加速器功能提供更为详细的说明。请注意: 此数组的每一项都与“功能”数组中具有相同索引的项目关联。
Win32_VideoController,Caption,String,Property,Property,✅,✅,✅,✅,[无描述]
Win32_VideoController,ColorTableEntries,UInt32,Property,Property,✅,✅,✅,✅,当设备的颜色深度不超过每像素 8 位时，ColorTableEntries 属性可指明系统颜色表的大小，在其他情况下，其值为 NULL。<P>例如: 256
Win32_VideoController,ConfigManagerErrorCode,UInt32,Property,Property,✅,✅,✅,✅,指明 Win32 配置管理器错误代码。可能返回下列值:  0     此设备运行正常。 1     此设备的配置不正确。 2     Windows 无法为此设备加载驱动程序。 3     此设备的驱动程序可能已损坏，或者系统内存或其他资源不足。 4     此设备不能正常运行。某个驱动程序或注册表可能已损坏。 5     此设备的驱动程序需要一个 Windows 无法管理的资源。 6     此设备的引导配置与其他设备冲突。 7     无法筛选。 8     找不到此设备的驱动程序加载器。 9     由于控制固件没有正确报告此设备的资源，所以该设备无法正常运行。 10     此设备无法启动。 11     此设备失败。 12     此设备无法找到足够的可用空闲资源。 13     Windows 无法识别此设备的资源。 14     重新启动计算机之前，此设备无法正常运行。 15     由于可能存在重新枚举的问题，所以此设备无法正常运行。 16     Windows 无法识别此设备使用的所有资源。 17     此设备正在请求未知的资源类型。 18     为此设备重新安装驱动程序。 19     你的注册表可能已损坏。 20     使用 VxD 加载器失败。 21     系统失败: 请尝试更改此设备的驱动程序。如果仍然无效，请参阅你的硬件文档。Windows 正在删除此设备。 22     此设备已被禁用。 23     系统失败: 请尝试更改此设备的驱动程序。如果仍然无效，请参阅你的硬件文档。 24     此设备不存在、无法正常运行或者没有安装所有的驱动程序。 25     Windows 仍在安装此设备。 26     Windows 仍在安装此设备。 27     此设备的日志配置无效。 28     没有安装此设备的驱动程序。 29     由于此设备的固件没有提供所需资源，所以此设备已被禁用。 30     此设备正在使用另一台设备使用的中断请求(IRQ)资源。 31     由于 Windows 无法加载此设备所需的驱动程序，所以此设备无法正常运行。 [枚举值: 0 - 该设备正常工作。; 1 - 未正确配置该设备。; 2 - Windows 无法为此设备加载驱动程序。; 3 - 该设备的驱动程序可能已损坏，或者系统的内存或其他资源不足。; 4 - 该设备无法正常工作。某个驱动程序或注册表可能已损坏。; 5 - Windows 无法管理该设备的驱动程序所需的资源。; 6 - 该设备的引导配置与其他设备发生冲突。; 7 - 无法筛选。; 8 - 找不到设备的驱动程序加载器。; 9 - 由于控制固件没有正确报告此设备的资源，所以该设备无法正常运行。; 10 - 该设备无法启动。; 11 - 该设备发生故障。; 12 - 该设备找不到足够的可用资源。; 13 - Windows 无法验证该设备的资源。; 14 - 在重新启动计算机之前，该设备无法正常工作。; 15 - 该设备未正常工作，可能是因为出现了重新枚举问题。; 16 - Windows 无法识别该设备使用的所有资源。; 17 - 该设备正在请求未知的资源类型。; 18 - 重新安装该设备的驱动程序。; 19 - 使用 VxD 加载器失败。; 20 - 注册表可能已损坏。; 21 - 系统失败: 请尝试更改此设备的驱动程序。如果仍然无效，请参阅你的硬件文档。Windows 正在删除此设备。; 22 - 已禁用该设备。; 23 - 系统故障: 尝试更改该设备的驱动程序。如果不起作用，请参阅硬件文档。; 24 - 该设备不存在、未正常工作或没有安装其所有驱动程序。; 25 - Windows 仍在设置该设备。; 26 - Windows 仍在设置该设备。; 27 - 该设备没有有效的日志配置。; 28 - 未安装该设备的驱动程序。; 29 - 已禁用该设备，因为设备固件没有提供所需的资源。; 30 - 该设备使用的中断请求(IRQ)资源正在被另一个设备所使用。; 31 - 该设备未正常工作，因为 Windows 无法加载该设备所需的驱动程序。]
Win32_VideoController,ConfigManagerUserConfig,Boolean,Property,Property,✅,✅,✅,✅,指明设备是否使用用户定义的配置。
Win32_VideoController,CreationClassName,String,Property,Property,✅,✅,✅,✅,CreationClassName 指明创建实例时使用的类或子类的名称。与此类的其他键属性一起使用时，此属性可唯一标识此类及其子类的所有实例。
Win32_VideoController,CurrentBitsPerPixel,UInt32,Property,Property,✅,✅,✅,✅,用于显示每个像素的位数。
Win32_VideoController,CurrentHorizontalResolution,UInt32,Property,Property,✅,✅,✅,✅,当前的水平像素数。
Win32_VideoController,CurrentNumberOfColors,UInt64,Property,Property,✅,✅,✅,✅,当前分辨率支持的颜色数。
Win32_VideoController,CurrentNumberOfColumns,UInt32,Property,Property,✅,✅,✅,✅,如果使用字符模式，请输入此视频控制器的列数，否则请输入 0。
Win32_VideoController,CurrentNumberOfRows,UInt32,Property,Property,✅,✅,✅,✅,如果使用字符模式，请输入此视频控制器的行数，否则请输入 0。
Win32_VideoController,CurrentRefreshRate,UInt32,Property,Property,✅,✅,✅,✅,CurrentRefreshRate 属性指定视频控制器刷新监视器图像的频率。0 表示使用默认频率，0xFFFFFFFF 表示使用优化频率。
Win32_VideoController,CurrentScanMode,UInt16,Property,Property,✅,✅,✅,✅,当前扫描模式。通过这个属性可以定义“隔行扫描”(值=3) 或“逐行扫描”(4)。 [枚举值: 1 - 其他; 2 - 未知; 3 - 隔行扫描; 4 - 非隔行扫描]
Win32_VideoController,CurrentVerticalResolution,UInt32,Property,Property,✅,✅,✅,✅,当前的垂直像素数。
Win32_VideoController,Description,String,Property,Property,✅,✅,✅,✅,[无描述]
Win32_VideoController,DeviceID,String,Property,Property,✅,✅,✅,✅,DeviceID 属性包含此视频控制器的标识符(对于计算机系统而言具有唯一性)。
Win32_VideoController,DeviceSpecificPens,UInt32,Property,Property,✅,✅,✅,✅,DeviceSpecificPens 属性指明设备专用笔的当前数量。值为 0xffff 表示设备不支持此类笔。 例如: 3
Win32_VideoController,DitherType,UInt32,Property,Property,✅,✅,✅,✅,"DitherType 属性指明视频控制器的递色类型。该属性可以使用以下预定义值之一，也可以使用由驱动程序定义的值(大于或等于 256)。值的含义如下: -1	-	无递色。2	-	用粗刷递色。3	-	用细刷递色。4	-	艺术线条递色，一种特殊的递色方法，		可在黑、白和灰度间产生明确的边框界限。		它不适合用于包含连续亮度和色度分度的图像，例如扫描图片。5	-	设备负责灰阶化。 [枚举值: 1 - 无递色; 2 - 带粗刷的递色; 3 - 带细刷的递色; 4 - 线条艺术递色; 5 - 设备进行灰度处理]"
Win32_VideoController,DriverDate,DateTime,Property,Property,✅,✅,✅,✅,DriverDate 属性指明当前已安装的视频驱动程序的上次修改日期和时间。
Win32_VideoController,DriverVersion,String,Property,Property,✅,✅,✅,✅,DriverVersion 属性指明视频驱动程序的版本号。
Win32_VideoController,ErrorCleared,Boolean,Property,Property,✅,✅,✅,✅,ErrorCleared 是一个布尔值属性，指明 LastErrorCode 属性中报告的错误现已清除。
Win32_VideoController,ErrorDescription,String,Property,Property,✅,✅,✅,✅,ErrorDescription 是一个自由格式字符串，提供有关 LastErrorCode 属性中记录的错误的详细信息，以及有关可以采取的纠正措施的信息。
Win32_VideoController,ICMIntent,UInt32,Property,Property,✅,✅,✅,✅,"ICMIntent (图像颜色匹配意向)属性指明三种可能的颜色匹配方法(或意向)之一的特定值，默认情况下将使用此值。此属性主要针对非 ICM 应用程序。ICM 应用程序会使用 ICM 函数建立意向。此属性可以使用以下预定义值之一，也可以使用由驱动程序定义的值(大于或等于 256)。值的含义: -1	-	颜色匹配应对色彩饱和度作优化。对于不需要抖动的商业图形，此值是最合适的选择。2	-	颜色匹配应对色彩对比度作优化。对于需要抖动的扫描图像和摄像图像，此值是最合适的选择。3	-	颜色匹配应作优化，以匹配所需的精确颜色。对于需要精确颜色匹配的商业徽标或其他图像，此值最为合适。 [枚举值: 1 - 饱和度; 2 - 对比度; 3 - 精确颜色]"
Win32_VideoController,ICMMethod,UInt32,Property,Property,✅,✅,✅,✅,"ICMMethod (图像颜色匹配方法)属性指定了 ICM 的处理方式。对于非 ICM 应用程序，此属性指示该如何启用 ICM。对于 ICM 应用程序，系统会对此成员进行检查，以确定如何处理 ICM 支持。此属性可以使用以下预定义值之一，也可以使用由驱动程序定义的值（大于或等于 256）。值的含义: -1	-	指定禁用 ICM。2	-	指定由 Windows 负责处理 ICM。3	-	指定由设备驱动程序负责处理 ICM。4	-	指定由目标设备负责处理 ICM。 [枚举值: 1 - 已禁用; 2 - Windows; 3 - 设备驱动程序; 4 - 目标设备]"
Win32_VideoController,InfFilename,String,Property,Property,✅,✅,✅,✅,InfFilename 属性指明视频适配器的 .INF 文件的路径。 例如: C:\WINNT\SYSTEM32\DRIVERS
Win32_VideoController,InfSection,String,Property,Property,✅,✅,✅,✅,InfSection 属性指明 Win32 视频信息在 .INF 文件中所处的节。
Win32_VideoController,InstallDate,DateTime,Property,Property,✅,✅,✅,✅,[无描述]
Win32_VideoController,InstalledDisplayDrivers,String,Property,Property,✅,✅,✅,✅,InstalledDisplayDrivers 属性指明安装的显示设备驱动程序的名称。
Win32_VideoController,LastErrorCode,UInt32,Property,Property,✅,✅,✅,✅,LastErrorCode 捕获由逻辑设备报告的最后一个错误代码。
Win32_VideoController,MaxMemorySupported,UInt32,Property,Property,✅,✅,✅,✅,支持的最大内存大小(以字节为单位)。
Win32_VideoController,MaxNumberControlled,UInt32,Property,Property,✅,✅,✅,✅,此控制器支持的可直接寻址的实体的最大数目。如果数目未知或没有限制，则可以使用值 0。
Win32_VideoController,MaxRefreshRate,UInt32,Property,Property,✅,✅,✅,✅,视频控制器的最大刷新速率(以赫兹为单位)。
Win32_VideoController,MinRefreshRate,UInt32,Property,Property,✅,✅,✅,✅,视频控制器的最小刷新速率(以赫兹为单位)。
Win32_VideoController,Monochrome,Boolean,Property,Property,✅,✅,✅,✅,Monochrome 属性指明使用灰度还是彩色来显示图像。
Win32_VideoController,Name,String,Property,Property,✅,✅,✅,✅,[无描述]
Win32_VideoController,NumberOfColorPlanes,UInt16,Property,Property,✅,✅,✅,✅,当前颜色平面的数量。如果这个值不适用于当前视频配置，请输入 0。
Win32_VideoController,NumberOfVideoPages,UInt32,Property,Property,✅,✅,✅,✅,当前分辨率和可用内存支持的视频页数。
Win32_VideoController,PNPDeviceID,String,Property,Property,✅,✅,✅,✅,指明逻辑设备的 Win32 即插即用设备 ID。例如: *PNP030b
Win32_VideoController,PowerManagementCapabilities,UInt16,Property,Property,✅,✅,✅,✅,指明逻辑设备中与电源有关的特定功能。数组值 0=“未知”，1=“不支持”和 2=“已禁用”代表的含义一目了然。值 3=“已启用”表示当前已启用电源管理功能，但是具体的功能集未知或者信息无效。“自动进入节能模式”(4)表示设备可根据用途或其他条件更改其电源状态。“可设置电源状态”(5)表示支持 SetPowerState 方法。“支持电源重启”(6)表示可以通过将 PowerState 输入变量设置为 5 (“电源重启”)来调用 SetPowerState 方法。“支持定时通电”(7)表示可以通过将 PowerState 输入变量设置为 5 (“电源重启”)、Time 参数设置为具体的通电日期和时间或间隔，调用 SetPowerState 方法。
Win32_VideoController,PowerManagementSupported,Boolean,Property,Property,✅,✅,✅,✅,布尔值，指明设备是否支持电源管理，即进入节能状态。该布尔值并不表示当前启用了电源管理功能；或者，如果已经启用了电源管理功能，该布尔值也并不表示支持具体的功能。相关信息，请参阅 PowerManagementCapabilities 数组。如果此布尔值为 False，那么在 PowerManagementCapabilities 数组中，整数值为 1 的字符串“不支持”应是仅有的条目。
Win32_VideoController,ProtocolSupported,UInt16,Property,Property,✅,✅,✅,✅,控制器访问“控制的”设备时使用的协议。 [枚举值: 1 - 其他; 2 - 未知; 3 - EISA; 4 - ISA; 5 - PCI; 6 - ATA/ATAPI; 7 - 软盘; 8 - 1496; 9 - SCSI 并行接口; 10 - SCSI 光纤通道协议; 11 - SCSI 串行总线协议; 12 - SCSI 串行总线协议 2 (1394); 13 - SCSI 串行存储结构; 14 - VESA; 15 - PCMCIA; 16 - 通用串行总线; 17 - 并行协议; 18 - ESCON; 19 - 诊断; 20 - I2C; 21 - 电源; 22 - HIPPI; 23 - MultiBus; 24 - VME; 25 - IPI; 26 - IEEE-488; 27 - RS232; 28 - IEEE 802.3 10BASE5; 29 - IEEE 802.3 10BASE2; 30 - IEEE 802.3 1BASE5; 31 - IEEE 802.3 10BROAD36; 32 - IEEE 802.3 100BASEVG; 33 - IEEE 802.5 令牌环; 34 - ANSI X3T9.5 FDDI; 35 - MCA; 36 - ESDI; 37 - IDE; 38 - CMD; 39 - ST506; 40 - DSSI; 41 - QIC2; 42 - 增强型 ATA/IDE; 43 - AGP; 44 - TWIRP (双向红外线); 45 - FIR (快速红外线); 46 - SIR (串行红外线); 47 - IrBus]
Win32_VideoController,ReservedSystemPaletteEntries,UInt32,Property,Property,✅,✅,✅,✅,ReservedSystemPaletteEntries 属性指明系统颜色表中已保留条目的当前数量。操作系统可以保留相关条目，以支持任务栏以及其他桌面显示项目所需的标准颜色。如果系统未使用调色板，那么 ReservedSystemPaletteEntries 为 NULL。<P>例如: 24
Win32_VideoController,SpecificationVersion,UInt32,Property,Property,✅,✅,✅,✅,SpecificationVersion 属性指明初始化数据规范(整个结构即基于此规范)的版本号。
Win32_VideoController,Status,String,Property,Property,✅,✅,✅,✅,[无描述]
Win32_VideoController,StatusInfo,UInt16,Property,Property,✅,✅,✅,✅,StatusInfo 是一个字符串，指明逻辑设备是处于启用(值 = 3)、禁用(值 = 4)、其他(1)还是未知(2)状态。如果这个属性不适用于逻辑设备，则值应该为 5 (“不适用”)。 [枚举值: 1 - 其他; 2 - 未知; 3 - 已启用; 4 - 已禁用; 5 - 不适用]
Win32_VideoController,SystemCreationClassName,String,Property,Property,✅,✅,✅,✅,作用域系统的 CreationClassName。
Win32_VideoController,SystemName,String,Property,Property,✅,✅,✅,✅,作用域系统的名称。
Win32_VideoController,SystemPaletteEntries,UInt32,Property,Property,✅,✅,✅,✅,SystemPaletteEntries 属性指明系统颜色表中的当前条目数量。如果系统未使用调色板，那么 SystemPaletteEntries 为 NULL。<P>例如: 256
Win32_VideoController,TimeOfLastReset,DateTime,Property,Property,✅,✅,✅,✅,TimeOfLastReset 属性指明上一次重置此控制器的日期和时间。这可能意味着控制器已断电或被重新初始化。
Win32_VideoController,VideoArchitecture,UInt16,Property,Property,✅,✅,✅,✅,视频体系结构。例如，可以指定 VGA (值=5)或 PC-98 (160)。 [枚举值: 1 - 其他; 2 - 未知; 3 - CGA; 4 - EGA; 5 - VGA; 6 - SVGA; 7 - MDA; 8 - HGC; 9 - MCGA; 10 - 8514A; 11 - XGA; 12 - 线性帧缓冲区; 160 - PC-98]
Win32_VideoController,VideoMemoryType,UInt16,Property,Property,✅,✅,✅,✅,一个整数枚举，用于指明视频内存的类型。 [枚举值: 1 - 其他; 2 - 未知; 3 - VRAM; 4 - DRAM; 5 - SRAM; 6 - WRAM; 7 - EDO RAM; 8 - 突发同步 DRAM; 9 - 管道突发 SRAM; 10 - CDRAM; 11 - 3DRAM; 12 - SDRAM; 13 - SGRAM]
Win32_VideoController,VideoMode,UInt16,Property,Property,✅,✅,✅,✅,当前视频模式。
Win32_VideoController,VideoModeDescription,String,Property,Property,✅,✅,✅,✅,VideoModeDescription 属性指明视频控制器的当前分辨率、颜色和扫描模式设置。 例如: 1024 x 768 x 256 色
Win32_VideoController,VideoProcessor,String,Property,Property,✅,✅,✅,✅,一个用于描述视频处理器/控制器的自由格式字符串。
Win32_VideoController,SetPowerState,Method,Method,Method,✅,✅,✅,✅,SetPowerState 定义了逻辑设备所需的电源状态，并且定义了应当将设备置于此状态的时间。通过将 PowerState 参数设置为下列某个整数值，可以指定需要的电源状态: 1=“全功率”，2=“节能 - 低功耗模式”，3=“节能 - 待机”，4=“节能 - 其他”，5=“电源重启”或 6=“关闭电源”。Time 参数(适用于除了 5“电源重启”以外的其他所有状态更改)表示何时应将电源状态设置为常规日期-时间值或设置为间隔值(其中，间隔的起始时间为收到方法调用的时间)。当 PowerState 参数等于 5“电源重启”时，Time 参数表示应当再次开启设备电源的时间，关闭电源是立即执行的。如果成功，SetPowerState 应返回 0；如果指定的电源状态和时间请求不受支持，则返回 1；如果出现其他错误，则返回另外的值。在子类中，通过该方法上的 ValueMap 限定符，可以指定可能的返回代码集。还可以将“翻译”ValueMap 内容所得的字符串指定为子类中的 Values 数组限定符。
Win32_VideoController,Reset,Method,Method,Method,✅,✅,✅,✅,请求重置逻辑设备。如果请求被成功执行，则返回的值应当为 0；如果请求不受支持，则返回 1；如果出现错误，则返回其他值。
Msvm_ComputerSystem,AvailableRequestedStates,UInt16,Property,Property,✅,✅,✅,✅,[无描述]
Msvm_ComputerSystem,Caption,String,Property,Property,✅,✅,✅,✅,[无描述]
Msvm_ComputerSystem,CommunicationStatus,UInt16,Property,Property,✅,✅,✅,✅,[无描述]
Msvm_ComputerSystem,CreationClassName,String,Property,Property,✅,✅,✅,✅,[无描述]
Msvm_ComputerSystem,Dedicated,UInt16,Property,Property,✅,✅,✅,✅,[无描述]
Msvm_ComputerSystem,Description,String,Property,Property,✅,✅,✅,✅,[无描述]
Msvm_ComputerSystem,DetailedStatus,UInt16,Property,Property,✅,✅,✅,✅,[无描述]
Msvm_ComputerSystem,ElementName,String,Property,Property,✅,✅,✅,✅,[无描述]
Msvm_ComputerSystem,EnabledDefault,UInt16,Property,Property,✅,✅,✅,✅,[无描述]
Msvm_ComputerSystem,EnabledState,UInt16,Property,Property,✅,✅,✅,✅,[无描述]
Msvm_ComputerSystem,EnhancedSessionModeState,UInt16,Property,Property,✅,✅,✅,✅,指示主机是否允许增强会话模式连接；如果允许，则指示它们对虚拟机是否可用。[枚举值: 2 - 允许并可用; 3 - 不允许; 6 - 允许但不可用]
Msvm_ComputerSystem,FailedOverReplicationType,UInt16,Property,Property,✅,✅,✅,✅,为虚拟机执行的故障转移类型。[枚举值: 0 - 无; 1 - 常规; 2 - 应用程序一致; 3 - 计划内]
Msvm_ComputerSystem,HealthState,UInt16,Property,Property,✅,✅,✅,✅,[无描述]
Msvm_ComputerSystem,HwThreadsPerCoreRealized,UInt32,Property,Property,❌,✅,✅,✅,指示报告给客体操作系统的每个核心的 SMT 线程数。此报告与硬件是否实际存在 SMT 无关。
Msvm_ComputerSystem,IdentifyingDescriptions,String,Property,Property,✅,✅,✅,✅,[无描述]
Msvm_ComputerSystem,InstallDate,DateTime,Property,Property,✅,✅,✅,✅,[无描述]
Msvm_ComputerSystem,InstanceID,String,Property,Property,✅,✅,✅,✅,[无描述]
Msvm_ComputerSystem,LastApplicationConsistentReplicationTime,DateTime,Property,Property,✅,✅,✅,✅,虚拟机在恢复时接收到的上一次应用程序一致性复制的时间。
Msvm_ComputerSystem,LastReplicationTime,DateTime,Property,Property,✅,✅,✅,✅,虚拟机在恢复时接收到的上一次复制的时间。
Msvm_ComputerSystem,LastReplicationType,UInt16,Property,Property,✅,✅,✅,✅,虚拟机接收到的上一次复制的类型。[枚举值: 0 - 无; 1 - 常规; 2 - 应用程序一致; 3 - 计划内]
Msvm_ComputerSystem,LastSuccessfulBackupTime,DateTime,Property,Property,✅,✅,✅,✅,虚拟机上一次成功备份完成的时间。
Msvm_ComputerSystem,ManagementVtlImageFileName,String,Property,Property,❌,❌,❌,✅,提供虚拟机正在使用的管理 VTL 映像的文件（如果可用）。
Msvm_ComputerSystem,ManagementVtlImageVersion,String,Property,Property,❌,❌,❌,✅,虚拟机正在使用的管理 VTL 映像的四部分版本号（如果可用）。
Msvm_ComputerSystem,Name,String,Property,Property,✅,✅,✅,✅,[无描述]
Msvm_ComputerSystem,NameFormat,String,Property,Property,✅,✅,✅,✅,[无描述]
Msvm_ComputerSystem,NumberOfNumaNodes,UInt16,Property,Property,✅,✅,✅,✅,计算机系统的非一致性内存访问 (NUMA) 节点数。当 Msvm_ComputerSystem 代表宿主计算机系统时，此属性包含物理 NUMA 节点的计数。当 Msvm_ComputerSystem 代表虚拟计算机系统时，此属性包含通过 ACPI 系统资源关联表 (SRAT) 呈现给客体操作系统的虚拟 NUMA 节点数。
Msvm_ComputerSystem,OnTimeInMilliseconds,UInt64,Property,Property,✅,✅,✅,✅,对于虚拟系统，此属性描述自上次开机、重置或恢复以来的总正常运行时间（以毫秒为单位）。此时间不包括虚拟系统处于暂停状态的时间。对于宿主系统，此属性设置为 NULL。
Msvm_ComputerSystem,OperatingStatus,UInt16,Property,Property,✅,✅,✅,✅,[无描述]
Msvm_ComputerSystem,OperationalStatus,UInt16,Property,Property,✅,✅,✅,✅,[无描述]
Msvm_ComputerSystem,OtherDedicatedDescriptions,String,Property,Property,✅,✅,✅,✅,[无描述]
Msvm_ComputerSystem,OtherEnabledState,String,Property,Property,✅,✅,✅,✅,[无描述]
Msvm_ComputerSystem,OtherIdentifyingInfo,String,Property,Property,✅,✅,✅,✅,[无描述]
Msvm_ComputerSystem,PowerManagementCapabilities,UInt16,Property,Property,✅,✅,✅,✅,[无描述]
Msvm_ComputerSystem,PrimaryOwnerContact,String,Property,Property,✅,✅,✅,✅,[无描述]
Msvm_ComputerSystem,PrimaryOwnerName,String,Property,Property,✅,✅,✅,✅,[无描述]
Msvm_ComputerSystem,PrimaryStatus,UInt16,Property,Property,✅,✅,✅,✅,[无描述]
Msvm_ComputerSystem,ProcessID,UInt32,Property,Property,✅,✅,✅,✅,正在运行此虚拟机的进程标识符。此值可用于唯一标识系统上运行该虚拟机的 Vmwp.exe 实例。
Msvm_ComputerSystem,ReplicationHealth,UInt16,Property,Property,✅,✅,✅,✅,虚拟机的复制运行状况。[枚举值: 0 - 不适用; 1 - 正常; 2 - 警告; 3 - 严重]
Msvm_ComputerSystem,ReplicationMode,UInt16,Property,Property,✅,✅,✅,✅,标识虚拟机的复制类型。[枚举值: 0 - 无; 1 - 主副本; 2 - 副本; 3 - 测试副本; 4 - 扩展副本]
Msvm_ComputerSystem,ReplicationState,UInt16,Property,Property,✅,✅,✅,✅,虚拟机的复制状态。[枚举值: 0 - 已禁用; 1 - 准备好复制; 2 - 等待完成初始复制; 3 - 正在复制; 4 - 已同步复制完成; 5 - 已恢复; 6 - 已提交; 7 - 已暂停; 8 - 严重; 9 - 等待开始重新同步; 10 - 正在重新同步; 11 - 重新同步已暂停; 12 - 正在进行故障转移; 13 - 正在进行故障恢复; 14 - 故障恢复完成]
Msvm_ComputerSystem,RequestedState,UInt16,Property,Property,✅,✅,✅,✅,[无描述]
Msvm_ComputerSystem,ResetCapability,UInt16,Property,Property,✅,✅,✅,✅,[无描述]
Msvm_ComputerSystem,Roles,String,Property,Property,✅,✅,✅,✅,[无描述]
Msvm_ComputerSystem,Status,String,Property,Property,✅,✅,✅,✅,[无描述]
Msvm_ComputerSystem,StatusDescriptions,String,Property,Property,✅,✅,✅,✅,[无描述]
Msvm_ComputerSystem,TimeOfLastConfigurationChange,DateTime,Property,Property,✅,✅,✅,✅,上次修改虚拟机配置文件的日期和时间。在某些虚拟机操作期间以及添加、修改或删除任何虚拟机或设备设置时，都会修改配置文件。
Msvm_ComputerSystem,TimeOfLastStateChange,DateTime,Property,Property,✅,✅,✅,✅,[无描述]
Msvm_ComputerSystem,TransitioningToState,UInt16,Property,Property,✅,✅,✅,✅,[无描述]
Msvm_ComputerSystem,RequestStateChange,Method,Method,Method,✅,✅,✅,✅,[无描述]
Msvm_ComputerSystem,SetPowerState,Method,Method,Method,✅,✅,✅,✅,[无描述]
Msvm_ComputerSystem,RequestReplicationStateChange,Method,Method,Method,✅,✅,✅,✅,请求将复制状态更改为 RequestedState 参数中指定的值。
Msvm_ComputerSystem,InjectNonMaskableInterrupt,Method,Method,Method,✅,✅,✅,✅,[无描述]
Msvm_ComputerSystem,InjectNonMaskableInterruptEx,Method,Method,Method,❌,❌,❌,✅,[无描述]
Msvm_ComputerSystem,RequestReplicationStateChangeEx,Method,Method,Method,✅,✅,✅,✅,请求将扩展复制的状态更改为 RequestedState 参数中指定的值。
Msvm_ComputerSystem,RequestCustomRestore,Method,Method,Method,❌,❌,❌,✅,请求对虚拟机进行自定义恢复状态更改。
Msvm_VirtualSystemSettingData,AdditionalRecoveryInformation,String,Property,Property,✅,✅,✅,✅,提供给恢复操作的任何附加信息。此属性的含义由 AutomaticRecoveryAction 中的操作定义。如果 AutomaticRecoveryAction 为 0 (“无”) 或 1 (“重启”)，则此值为 NULL。如果 AutomaticRecoveryAction 为 2 (“还原为快照”)，则这是在虚拟机工作进程失败时应应用的快照的对象路径。这是一个只读属性，但可以使用 Msvm_VirtualSystemManagementService 类的 ModifyVirtualSystem 方法进行更改。
Msvm_VirtualSystemSettingData,AllowFullSCSICommandSet,Boolean,Property,Property,✅,✅,✅,✅,指示是否将来自客体操作系统的 SCSI 命令传递给直通磁盘。如果为 TRUE，则不会筛选客体操作系统发出的到直通磁盘的 SCSI 命令。建议在生产部署中保持启用 SCSI 筛选。这是一个只读属性，但可以使用 Msvm_VirtualSystemManagementService 类的 ModifyVirtualSystem 方法进行更改。Windows Server 2008: 不支持 AllowFullSCSICommandSet 属性。
Msvm_VirtualSystemSettingData,AllowReducedFcRedundancy,Boolean,Property,Property,✅,✅,✅,✅,指示是否允许将配置了虚拟 FC 适配器的虚拟机实时迁移到目标计算机，而不检查目标计算机上是否存在通往存储设备的路径。此属性的默认值为 FALSE。如果设置为 TRUE，则虚拟机可以实时迁移到目标计算机，即使该目标计算机通往目标 FC 设备的路径缺失或减少。客体操作系统可能会失去与存储的连接，并可能出现不可预测的行为。实时迁移后应清除此属性。
Msvm_VirtualSystemSettingData,Architecture,String,Property,Property,❌,✅,✅,✅,此系统的体系结构。
Msvm_VirtualSystemSettingData,AutomaticCriticalErrorAction,UInt16,Property,Property,✅,✅,✅,✅,标识当发生关键错误（如存储断开连接）时对虚拟机采取的操作。值为 1 会导致虚拟机暂停，并在关键错误条件解决后自动恢复。可以通过将值设置为 0 来覆盖此行为，此时针对关键错误条件不采取任何特定操作。[枚举值: 0 - 无; 1 - 暂停恢复]
Msvm_VirtualSystemSettingData,AutomaticCriticalErrorActionTimeout,DateTime,Property,Property,✅,✅,✅,✅,标识执行 AutomaticCriticalErrorAction 以解决关键错误的最长持续时间。这仅在 AutomaticCriticalErrorAction 属性的值不为 0 (无) 时适用。一旦超时，虚拟机将关机。该值将向上舍入到最接近的分钟。值为 0 意味着当遇到关键错误条件时，虚拟机应立即关机。
Msvm_VirtualSystemSettingData,AutomaticRecoveryAction,UInt16,Property,Property,✅,✅,✅,✅,[无描述]
Msvm_VirtualSystemSettingData,AutomaticShutdownAction,UInt16,Property,Property,✅,✅,✅,✅,[无描述]
Msvm_VirtualSystemSettingData,AutomaticSnapshotsEnabled,Boolean,Property,Property,❌,✅,✅,✅,指示此虚拟机是否应启用自动快照。
Msvm_VirtualSystemSettingData,AutomaticStartupAction,UInt16,Property,Property,✅,✅,✅,✅,[无描述]
Msvm_VirtualSystemSettingData,AutomaticStartupActionDelay,DateTime,Property,Property,✅,✅,✅,✅,[无描述]
Msvm_VirtualSystemSettingData,AutomaticStartupActionSequenceNumber,UInt16,Property,Property,✅,✅,✅,✅,[无描述]
Msvm_VirtualSystemSettingData,BaseBoardSerialNumber,String,Property,Property,✅,✅,✅,✅,虚拟计算机系统基板的序列号。这是一个只读属性，但可以使用 Msvm_VirtualSystemManagementService 类的 ModifyVirtualSystem 方法进行更改。
Msvm_VirtualSystemSettingData,BIOSGUID,String,Property,Property,✅,✅,✅,✅,虚拟计算机系统 BIOS 的全局唯一标识符。这是一个只读属性，但可以使用 Msvm_VirtualSystemManagementService 类的 ModifyVirtualSystem 方法进行更改。
Msvm_VirtualSystemSettingData,BIOSNumLock,Boolean,Property,Property,✅,✅,✅,✅,如果 BIOS 将数字锁定键设置为开启，则此属性设置为 TRUE；如果 BIOS 将数字锁定键设置为关闭，则设置为 FALSE。这是一个只读属性，但可以使用 Msvm_VirtualSystemManagementService 类的 ModifyVirtualSystem 方法进行更改。
Msvm_VirtualSystemSettingData,BIOSSerialNumber,String,Property,Property,✅,✅,✅,✅,虚拟计算机系统 BIOS 的序列号。这是一个只读属性，但可以使用 Msvm_VirtualSystemManagementService 类的 ModifyVirtualSystem 方法进行更改。
Msvm_VirtualSystemSettingData,BootOrder,UInt16,Property,Property,✅,✅,✅,✅,"虚拟计算机系统 BIOS 中设置的引导顺序。此属性是一个值数组，最大长度为 4，其中每个值指示要从中引导的设备。虚拟计算机系统将首先尝试从数组中第一个值指示的设备引导。如果该设备不包含引导扇区，则虚拟计算机系统将尝试从 BootOrder 属性指定的下一个设备引导，依此类推。如果 BootOrder 中指定的设备都不包含引导扇区，则虚拟计算机系统将无法引导。虚拟计算机系统的默认值为 [0, 1, 2, 3, 4]。值定义: 0 (软盘): 虚拟计算机系统将尝试从软盘驱动器中的软盘引导。 1 (CD-ROM): 虚拟计算机系统将尝试从找到的第一个带有引导扇区的 CD 或 DVD 盘引导。 2 (IDE 硬盘): 虚拟计算机系统将尝试从找到的第一个连接到 IDE 控制器且带有引导扇区的硬盘引导。 3 (PXE 引导): 虚拟计算机系统将尝试从网络进行 PXE 引导。 4 (SCSI 硬盘): 虚拟计算机系统将尝试从找到的第一个连接到 SCSI 控制器且带有引导扇区的硬盘引导。 5-65535: 保留。这是一个只读属性，但可以使用 Msvm_VirtualSystemManagementService 类的 ModifyVirtualSystem 方法进行更改。[枚举值: 0 - 软盘; 1 - CD-ROM; 2 - IDE 硬盘; 3 - PXE 引导; 4 - SCSI 硬盘; 5..65535 - 保留]"
Msvm_VirtualSystemSettingData,BootPciExpress,Boolean,Property,Property,❌,✅,✅,✅,如果设置为 true，且未找到成功的引导源条目，虚拟系统将尝试从虚拟 PCI Express 设备引导。
Msvm_VirtualSystemSettingData,BootPciExpressInstanceFilter,String,Property,Property,❌,✅,✅,✅,如果已设置，则为要从中引导设备的根虚拟 PCI Express 控制器的设备实例 GUID。
Msvm_VirtualSystemSettingData,BootSourceOrder,String,Property,Property,✅,✅,✅,✅,包含对此虚拟计算机系统的引导源条目的引用。此属性是一个字符串数组，其中每个字符串都是指向 Msvm_BootSourceSettingData 实例的完整路径，指示要从中引导的设备、文件或其他引导源。
Msvm_VirtualSystemSettingData,Caption,String,Property,Property,✅,✅,✅,✅,[无描述]
Msvm_VirtualSystemSettingData,ChassisAssetTag,String,Property,Property,✅,✅,✅,✅,虚拟计算机系统机箱的资产标签。这是一个只读属性，但可以使用 Msvm_VirtualSystemManagementService 类的 ModifyVirtualSystem 方法进行更改。
Msvm_VirtualSystemSettingData,ChassisSerialNumber,String,Property,Property,✅,✅,✅,✅,虚拟计算机系统机箱的序列号。这是一个只读属性，但可以使用 Msvm_VirtualSystemManagementService 类的 ModifyVirtualSystem 方法进行更改。
Msvm_VirtualSystemSettingData,ClusterWideNodeCapabilitiesValidationMode,UInt16,Property,Property,❌,❌,✅,✅,指示是否需要覆盖检查群集范围内是否支持某功能的验证逻辑。[枚举值: 0 - 默认; 1 - 覆盖]
Msvm_VirtualSystemSettingData,ConfigurationDataRoot,String,Property,Property,✅,✅,✅,✅,[无描述]
Msvm_VirtualSystemSettingData,ConfigurationFile,String,Property,Property,✅,✅,✅,✅,[无描述]
Msvm_VirtualSystemSettingData,ConfigurationID,String,Property,Property,✅,✅,✅,✅,[无描述]
Msvm_VirtualSystemSettingData,ConsoleMode,UInt16,Property,Property,✅,✅,✅,✅,标识虚拟机的控制台模式 [枚举值: 0 - 默认; 1 - COM1; 2 - COM2; 3 - 无]
Msvm_VirtualSystemSettingData,CreationTime,DateTime,Property,Property,✅,✅,✅,✅,[无描述]
Msvm_VirtualSystemSettingData,DebugChannelId,UInt32,Property,Property,✅,✅,✅,✅,使用 VUD 统一调试器调试虚拟系统时使用的通道标识符。
Msvm_VirtualSystemSettingData,DebugPort,UInt32,Property,Property,✅,✅,✅,✅,使用合成调试调试虚拟系统时使用的 tcpip 端口。
Msvm_VirtualSystemSettingData,DebugPortEnabled,UInt16,Property,Property,✅,✅,✅,✅,虚拟系统是否正在使用合成调试。[枚举值: 0 - 关闭; 1 - 开启; 2 - 自动分配开启]
Msvm_VirtualSystemSettingData,Description,String,Property,Property,✅,✅,✅,✅,[无描述]
Msvm_VirtualSystemSettingData,ElementName,String,Property,Property,✅,✅,✅,✅,[无描述]
Msvm_VirtualSystemSettingData,EnableHibernation,Boolean,Property,Property,❌,✅,✅,✅,如果 BIOS 启用了休眠 (S4)，则此属性设置为 TRUE；如果禁用休眠，则设置为 FALSE。这是一个只读属性，但可以使用 Msvm_VirtualSystemManagementService 类的 ModifyVirtualSystem 方法进行更改。
Msvm_VirtualSystemSettingData,EnhancedSessionTransportType,UInt16,Property,Property,❌,✅,✅,✅,指示连接到增强会话时使用的传输类型。[枚举值: 0 - VMBus 管道; 1 - Hyper-V 套接字]
Msvm_VirtualSystemSettingData,FirmwareFile,String,Property,Property,❌,❌,❌,✅,固件文件。
Msvm_VirtualSystemSettingData,FirmwareParameters,UInt8,Property,Property,❌,❌,❌,✅,提供给固件文件的参数。
Msvm_VirtualSystemSettingData,GuestControlledCacheTypes,Boolean,Property,Property,✅,✅,✅,✅,指示客体是否可以控制缓存类型。
Msvm_VirtualSystemSettingData,GuestFeatureSet,UInt64,Property,Property,❌,❌,❌,✅,用于修改客体可见行为的标志。
Msvm_VirtualSystemSettingData,GuestStateDataRoot,String,Property,Property,❌,✅,✅,✅,存储客体运行时状态信息的目录的文件路径。
Msvm_VirtualSystemSettingData,GuestStateFile,String,Property,Property,❌,✅,✅,✅,存储客体运行时状态信息的文件的文件路径。相对路径会追加到 GuestStateDataRoot 属性的值之后。
Msvm_VirtualSystemSettingData,GuestStateIsolationEnabled,Boolean,Property,Property,❌,✅,✅,✅,指示虚拟系统是否应启用客体状态隔离。
Msvm_VirtualSystemSettingData,GuestStateIsolationMode,UInt16,Property,Property,❌,❌,❌,✅,指示虚拟系统的隔离模式。[枚举值: 0 - 默认; 1 - 无持久机密; 2 - 无管理 VTL]
Msvm_VirtualSystemSettingData,GuestStateIsolationType,UInt16,Property,Property,❌,❌,✅,✅,指示虚拟系统的隔离类型。[枚举值: 0 - 可信启动; 1 - 保留; 2 - SEV-SNP; 3 - 保留; 16 - 保留; 18 - 保留; 19 - 保留]
Msvm_VirtualSystemSettingData,HighMmioGapBase,UInt64,Property,Property,❌,✅,✅,✅,高位 (4GB 以上) 内存映射 IO 间隙的基址 (MB)。
Msvm_VirtualSystemSettingData,HighMmioGapSize,UInt64,Property,Property,✅,✅,✅,✅,高位 (4GB 以上) 内存映射 IO 间隙的大小 (MB)。
Msvm_VirtualSystemSettingData,IncrementalBackupEnabled,Boolean,Property,Property,✅,✅,✅,✅,指示 Hyper-V VSS 写入程序是否支持对此虚拟机进行增量备份。这是一个读写属性。
Msvm_VirtualSystemSettingData,InstanceID,String,Property,Property,✅,✅,✅,✅,[无描述]
Msvm_VirtualSystemSettingData,IsAutomaticSnapshot,Boolean,Property,Property,❌,✅,✅,✅,指示这是否是为用户自动创建的快照。
Msvm_VirtualSystemSettingData,IsSaved,Boolean,Property,Property,✅,✅,✅,✅,如果配置引用了已保存的状态文件，则此属性设置为 TRUE，否则设置为 FALSE。请注意，这并不表示存在此类文件，仅表示配置指定了一个文件。这是一个只读属性，无法更改。
Msvm_VirtualSystemSettingData,LockOnDisconnect,Boolean,Property,Property,✅,✅,✅,✅,从 vmconnect 断开连接时锁定控制台。
Msvm_VirtualSystemSettingData,LogDataRoot,String,Property,Property,✅,✅,✅,✅,[无描述]
Msvm_VirtualSystemSettingData,LowMmioGapSize,UInt64,Property,Property,✅,✅,✅,✅,低位 (4GB 以下) 内存映射 IO 间隙的大小 (MB)。
Msvm_VirtualSystemSettingData,ManagementVtlUpdatePolicy,UInt16,Property,Property,❌,❌,❌,✅,执行此虚拟机管理 VTL 更新的策略。OfflineOnly: 运行时不重新加载管理 VTL。更新将在下次重新启动时应用。[枚举值: 0 - 默认; 1 - 仅脱机; 2..65535 - 保留]
Msvm_VirtualSystemSettingData,MemoryHostingJobObjectName,String,Property,Property,❌,❌,❌,✅,用于启动 VM 内存进程的作业对象的名称。
Msvm_VirtualSystemSettingData,NetworkBootPreferredProtocol,UInt16,Property,Property,✅,✅,✅,✅,标识用于网络引导的 IP 协议。[枚举值: 4096 - IPv4; 4097 - IPv6]
Msvm_VirtualSystemSettingData,Notes,String,Property,Property,✅,✅,✅,✅,[无描述]
Msvm_VirtualSystemSettingData,NumaNodeTopologyArray,String,Property,Property,❌,✅,✅,✅,一个嵌入式 Msvm_NumaNodeTopology 实例数组，其中包含每个 NUMA 节点的 NUMA 节点拓扑。
Msvm_VirtualSystemSettingData,Parent,String,Property,Property,✅,✅,✅,✅,此对象所基于的快照 Msvm_VirtualSystemSettingData 的对象路径。如果此对象不是基于快照，则此属性将为 NULL。
Msvm_VirtualSystemSettingData,PauseAfterBootFailure,Boolean,Property,Property,✅,✅,✅,✅,虚拟机的引导失败后暂停设置。
Msvm_VirtualSystemSettingData,RecoveryFile,String,Property,Property,✅,✅,✅,✅,[无描述]
Msvm_VirtualSystemSettingData,SecureBootEnabled,Boolean,Property,Property,✅,✅,✅,✅,虚拟机的安全引导启用设置。
Msvm_VirtualSystemSettingData,SecureBootTemplateId,String,Property,Property,✅,✅,✅,✅,UEFI 安全引导相关变量初始值模板的全局唯一标识符。这是一个只读属性，但可以使用 Msvm_VirtualSystemManagementService 类的 ModifyVirtualSystem 方法进行更改。
Msvm_VirtualSystemSettingData,SnapshotDataRoot,String,Property,Property,✅,✅,✅,✅,[无描述]
Msvm_VirtualSystemSettingData,SourceGuestStateFile,String,Property,Property,❌,❌,❌,✅,将被复制并用作客体运行时状态的源文件的文件路径。
Msvm_VirtualSystemSettingData,SuspendDataRoot,String,Property,Property,✅,✅,✅,✅,[无描述]
Msvm_VirtualSystemSettingData,SwapFileDataRoot,String,Property,Property,✅,✅,✅,✅,[无描述]
Msvm_VirtualSystemSettingData,TurnOffOnGuestRestart,Boolean,Property,Property,❌,✅,✅,✅,如果客体操作系统发起重启，则关闭虚拟机而不是重启虚拟机。
Msvm_VirtualSystemSettingData,UserSnapshotType,UInt16,Property,Property,✅,✅,✅,✅,指示用户定义的快照类型。Disable: 禁用任何快照的创建。ProductionFallbackToTest: 用于生产环境的数据一致性快照。当无法创建数据一致性快照时，执行包含应用程序状态的快照。ProductionNoFallback: 用于生产环境的数据一致性快照。如果无法创建数据一致性快照，则不创建包含应用程序状态的快照。Test: 包含用于测试和开发目的的内存和设备信息的快照。[枚举值: 2 - 禁用; 3 - 生产 (回退到测试); 4 - 生产 (不回退); 5 - 测试]
Msvm_VirtualSystemSettingData,Version,String,Property,Property,✅,✅,✅,✅,虚拟系统的版本，格式为“主版本.次版本”，例如“2.0”。Windows Server 2008: 不支持 Version 属性。
Msvm_VirtualSystemSettingData,VirtualNumaEnabled,Boolean,Property,Property,✅,✅,✅,✅,指示是否将虚拟非一致性内存访问 (NUMA) 节点投影到虚拟机中。如果为 FALSE，则虚拟机将只有一个节点。如果为 TRUE，则投影到虚拟机中的虚拟 NUMA 节点数由 Msvm_ProcessorSettingData.MaxProcessorsPerNumaNode 和 Msvm_MemorySettingData.MaxMemoryBlocksPerNumaNode 属性的值确定。
Msvm_VirtualSystemSettingData,VirtualSlitType,UInt16,Property,Property,❌,❌,✅,✅,指示虚拟系统是否应启用虚拟 SLIT 以及用于生成虚拟 SLIT 的测量类型。[枚举值: 0 - 无; 1 - 固件; 2 - 测量; 3 - 固件回退测量]
Msvm_VirtualSystemSettingData,VirtualSystemIdentifier,String,Property,Property,✅,✅,✅,✅,此设置数据所属的 CIM_ComputerSystem 的名称。
Msvm_VirtualSystemSettingData,VirtualSystemSubType,String,Property,Property,✅,✅,✅,✅,虚拟系统的子类型。
Msvm_VirtualSystemSettingData,VirtualSystemType,String,Property,Property,✅,✅,✅,✅,[无描述]
Msvm_VirtualSystemSettingData,VMBusMessageRedirection,UInt16,Property,Property,❌,❌,❌,✅,指示是否重定向 VMBus 控制平面消息。[枚举值: 0 - 无; 1 - 重定向到 Vtl2]
Msvm_VirtualSystemSettingData,Vtl2AddressRangeBase,UInt64,Property,Property,❌,❌,❌,✅,VTL2 地址空间范围的基址 (MB)。
Msvm_VirtualSystemSettingData,Vtl2AddressRangeSize,UInt64,Property,Property,❌,❌,❌,✅,VTL2 地址空间范围的大小 (MB)。
Msvm_VirtualSystemSettingData,Vtl2AddressSpaceConfigurationMode,UInt16,Property,Property,❌,❌,❌,✅,指示 VTL2 地址空间配置模式。[枚举值: 0 - 默认; 1 - 可配置大小放置; 2 - 显式放置]
Msvm_VirtualSystemSettingData,Vtl2MmioAddressRangeSize,UInt64,Property,Property,❌,❌,❌,✅,VTL2 内存映射 IO 地址空间范围的大小 (MB)。
Msvm_VirtualSystemSettingData,WatchdogEnabled,Boolean,Property,Property,❌,❌,❌,✅,指示虚拟系统是否应公开模拟的硬件看门狗。
Msvm_VirtualSystemSettingData,WorkerJobObjectName,String,Property,Property,❌,❌,❌,✅,用于启动 VM 工作进程的作业对象的名称。
Msvm_ProcessorSettingData,Address,String,Property,Property,✅,✅,✅,✅,[无描述]
Msvm_ProcessorSettingData,AddressOnParent,String,Property,Property,✅,✅,✅,✅,[无描述]
Msvm_ProcessorSettingData,AllocationUnits,String,Property,Property,✅,✅,✅,✅,[无描述]
Msvm_ProcessorSettingData,AllowACountMCount,Boolean,Property,Property,❌,✅,✅,✅,指示 Hyper-V 是否应允许虚拟机访问用于 CPU 性能监控的 ACOUNT/MCOUNT MSR。
Msvm_ProcessorSettingData,ApicMode,UInt8,Property,Property,❌,❌,✅,✅,指示虚拟机的 APIC 模式 [枚举值: 0 - 默认; 1 - 传统; 2 - x2Apic; 3 - Apic]
Msvm_ProcessorSettingData,AutomaticAllocation,Boolean,Property,Property,✅,✅,✅,✅,[无描述]
Msvm_ProcessorSettingData,AutomaticDeallocation,Boolean,Property,Property,✅,✅,✅,✅,[无描述]
Msvm_ProcessorSettingData,Caption,String,Property,Property,✅,✅,✅,✅,[无描述]
Msvm_ProcessorSettingData,Connection,String,Property,Property,✅,✅,✅,✅,[无描述]
Msvm_ProcessorSettingData,ConsumerVisibility,UInt16,Property,Property,✅,✅,✅,✅,[无描述]
Msvm_ProcessorSettingData,CpuBrandString,String,Property,Property,❌,❌,✅,✅,提供要向虚拟机公开的自定义 CPU 品牌字符串。如果未设置此字段，虚拟机将在引导时看到原始硬件值。
Msvm_ProcessorSettingData,CpuGroupId,String,Property,Property,✅,✅,✅,✅,此虚拟机绑定的 CPU 组 ID。当值为 0 时，表示未绑定到特定的 CPU 组。
Msvm_ProcessorSettingData,Description,String,Property,Property,✅,✅,✅,✅,[无描述]
Msvm_ProcessorSettingData,DisableSpeculationControls,Boolean,Property,Property,❌,✅,✅,✅,指示是否应为虚拟处理器禁用针对推测执行的保护。
Msvm_ProcessorSettingData,ElementName,String,Property,Property,✅,✅,✅,✅,[无描述]
Msvm_ProcessorSettingData,EnableHierarchicalVirtualization,Boolean,Property,Property,❌,❌,❌,✅,指示 Hyper-V 是否应为虚拟机启用分层虚拟化。
Msvm_ProcessorSettingData,EnableHostResourceProtection,Boolean,Property,Property,✅,✅,✅,✅,指示虚拟机是否应启用增强主机资源保护的功能，以防止虚拟机中运行的工作负载影响主机。
Msvm_ProcessorSettingData,EnableLegacyApicMode,Boolean,Property,Property,❌,✅,✅,✅,已弃用。
Msvm_ProcessorSettingData,EnablePageShattering,UInt8,Property,Property,❌,✅,✅,✅,指示 Hyper-V 是否应为虚拟机启用页面粉碎 [枚举值: 0 - 默认; 1 - 始终启用; 2 - 始终禁用]
Msvm_ProcessorSettingData,EnablePerfmonArchPmu,Boolean,Property,Property,❌,❌,✅,✅,指示 Hyper-V 是否应向虚拟机公开虚拟化的架构 PMU (性能监控单元) 设施。
Msvm_ProcessorSettingData,EnablePerfmonIpt,Boolean,Property,Property,❌,✅,✅,✅,指示 Hyper-V 是否应向虚拟机公开虚拟化的 IPT (Intel 处理器跟踪) 设施。
Msvm_ProcessorSettingData,EnablePerfmonLbr,Boolean,Property,Property,❌,✅,✅,✅,指示 Hyper-V 是否应向虚拟机公开虚拟化的 LBR (最后分支记录) 设施。
Msvm_ProcessorSettingData,EnablePerfmonPebs,Boolean,Property,Property,❌,✅,✅,✅,指示 Hyper-V 是否应向虚拟机公开虚拟化的 PEBS (基于处理器事件的采样) 设施。
Msvm_ProcessorSettingData,EnablePerfmonPmu,Boolean,Property,Property,❌,✅,✅,✅,指示 Hyper-V 是否应向虚拟机公开虚拟化的 PMU (性能监控单元) 设施。
Msvm_ProcessorSettingData,EnableSocketTopology,Boolean,Property,Property,❌,❌,✅,✅,在主机上放置虚拟机时启用插槽拓扑映射。
Msvm_ProcessorSettingData,EnlightenmentSet,String,Property,Property,❌,❌,✅,✅,指示向操作系统公开的启发式集合。
Msvm_ProcessorSettingData,ExposeVirtualizationExtensions,Boolean,Property,Property,✅,✅,✅,✅,指示 Hyper-V 是否应向虚拟机公开虚拟化的硬件虚拟化扩展。
Msvm_ProcessorSettingData,ExtendedVirtualizationExtensions,UInt32,Property,Property,❌,❌,✅,✅,指定应向虚拟机公开的一组附加虚拟化扩展。[枚举值: 1 - 硬件隔离]
Msvm_ProcessorSettingData,HideHypervisorPresent,Boolean,Property,Property,✅,✅,✅,✅,指示 Hyper-V 是否应向嵌套客体报告存在虚拟机监控程序。
Msvm_ProcessorSettingData,HostResource,String,Property,Property,✅,✅,✅,✅,[无描述]
Msvm_ProcessorSettingData,HwThreadsPerCore,UInt64,Property,Property,✅,✅,✅,✅,指示向客体报告的每个核心的 SMT 线程数。此报告与硬件是否实际存在 SMT 无关。
Msvm_ProcessorSettingData,InstanceID,String,Property,Property,✅,✅,✅,✅,[无描述]
Msvm_ProcessorSettingData,L3CacheWays,UInt32,Property,Property,❌,❌,✅,✅,提供要为虚拟机报告的 L3 缓存路数。此字段在虚拟机启动后无法调整，并且可能因主机功能而不被遵守。
Msvm_ProcessorSettingData,L3ProcessorDistributionPolicy,UInt8,Property,Property,❌,❌,✅,✅,指示 Hyper-V 如何在 L3 级别分发处理器。此字段在虚拟机启动后无法调整。[枚举值: 0 - 小到大 (默认); 1 - 大到小; 2 - 均匀小到大; 3 - 均匀大到小]
Msvm_ProcessorSettingData,Limit,UInt64,Property,Property,✅,✅,✅,✅,[无描述]
Msvm_ProcessorSettingData,LimitCPUID,Boolean,Property,Property,✅,✅,✅,✅,指示虚拟机是否应降低 CPU 标识符。某些较旧的操作系统可能要求以这种方式限制处理器功能才能运行。
Msvm_ProcessorSettingData,LimitProcessorFeatures,Boolean,Property,Property,✅,✅,✅,✅,指示虚拟机是否应限制向操作系统公开的 CPU 功能。限制处理器功能使虚拟机能够迁移到具有不同处理器的不同主机计算机系统。不支持在具有不同供应商处理器的计算机之间迁移虚拟机。
Msvm_ProcessorSettingData,LimitProcessorFeaturesMode,UInt8,Property,Property,❌,❌,✅,✅,指示启用 LimitProcessorFeatures 时应用的 CPU 功能集类型。DefaultMinimumFeatures 将固定的最小功能集应用于虚拟机，ClusterNodeCommonFeatures 根据故障转移群集中节点的功能应用动态计算的功能集。[枚举值: 0 - DefaultMinimumFeatures; 1 - ClusterNodeCommonFeatures]
Msvm_ProcessorSettingData,MappingBehavior,UInt16,Property,Property,✅,✅,✅,✅,[无描述]
Msvm_ProcessorSettingData,MaxClusterCountPerSocket,UInt32,Property,Property,❌,❌,✅,✅,一个插槽中的最大群集数。此字段在虚拟机启动后无法调整。
Msvm_ProcessorSettingData,MaxHierarchicalPartitions,UInt32,Property,Property,❌,❌,❌,✅,分层虚拟化分区可以创建的最大子分区数。
Msvm_ProcessorSettingData,MaxHierarchicalVps,UInt32,Property,Property,❌,❌,❌,✅,分层虚拟化分区可以创建的最大子 VPS 数。
Msvm_ProcessorSettingData,MaxHwIsolatedGuests,UInt32,Property,Property,❌,❌,✅,✅,虚拟机可以同时运行的最大硬件隔离客体数。
Msvm_ProcessorSettingData,MaxNumaNodesPerSocket,UInt64,Property,Property,✅,✅,✅,✅,在虚拟机内可被观察为属于单个处理器插槽的最大 NUMA 节点数。
Msvm_ProcessorSettingData,MaxProcessorCountPerL3,UInt32,Property,Property,❌,❌,✅,✅,共享 L3 缓存的最大处理器数。此字段在虚拟机启动后无法调整。
Msvm_ProcessorSettingData,MaxProcessorsPerNumaNode,UInt64,Property,Property,✅,✅,✅,✅,在虚拟机内可被观察为属于单个虚拟 NUMA 节点的最大虚拟处理器数。
Msvm_ProcessorSettingData,OtherResourceType,String,Property,Property,✅,✅,✅,✅,[无描述]
Msvm_ProcessorSettingData,Parent,String,Property,Property,✅,✅,✅,✅,[无描述]
Msvm_ProcessorSettingData,PartitionDiagnosticBufferCount,UInt32,Property,Property,❌,❌,❌,✅,分层虚拟化分区使用的虚拟机监控程序跟踪缓冲区的数量。
Msvm_ProcessorSettingData,PartitionDiagnosticBufferSizeInPages,UInt32,Property,Property,❌,❌,❌,✅,分层虚拟化分区使用的每个虚拟机监控程序跟踪缓冲区的大小（以页为单位）。
Msvm_ProcessorSettingData,PerfCpuFreqCapMhz,UInt32,Property,Property,❌,❌,✅,✅,提供虚拟机的目标最大 CPU 频率。此字段在虚拟机启动后无法调整，并且可能因主机功能而不被遵守。
Msvm_ProcessorSettingData,PhysicalAddressWidth,UInt32,Property,Property,❌,❌,❌,✅,虚拟机的物理地址宽度。
Msvm_ProcessorSettingData,PoolID,String,Property,Property,✅,✅,✅,✅,[无描述]
Msvm_ProcessorSettingData,ProcessorFeatureSet,String,Property,Property,❌,❌,✅,✅,指示向操作系统公开的 CPU 功能集。
Msvm_ProcessorSettingData,Reservation,UInt64,Property,Property,✅,✅,✅,✅,[无描述]
Msvm_ProcessorSettingData,ResourceSubType,String,Property,Property,✅,✅,✅,✅,[无描述]
Msvm_ProcessorSettingData,ResourceType,UInt16,Property,Property,✅,✅,✅,✅,[无描述]
Msvm_ProcessorSettingData,VirtualQuantity,UInt64,Property,Property,✅,✅,✅,✅,[无描述]
Msvm_ProcessorSettingData,VirtualQuantityUnits,String,Property,Property,✅,✅,✅,✅,[无描述]
Msvm_ProcessorSettingData,Weight,UInt32,Property,Property,✅,✅,✅,✅,[无描述]
Msvm_MemorySettingData,Address,String,Property,Property,✅,✅,✅,✅,[无描述]
Msvm_MemorySettingData,AddressOnParent,String,Property,Property,✅,✅,✅,✅,[无描述]
Msvm_MemorySettingData,AllocationUnits,String,Property,Property,✅,✅,✅,✅,[无描述]
Msvm_MemorySettingData,AutomaticAllocation,Boolean,Property,Property,✅,✅,✅,✅,[无描述]
Msvm_MemorySettingData,AutomaticDeallocation,Boolean,Property,Property,✅,✅,✅,✅,[无描述]
Msvm_MemorySettingData,BackingPageSize,UInt8,Property,Property,❌,❌,❌,✅,指示虚拟机的内存支持大小。取代 HugePagesEnabled。[枚举值: 0 - 小; 1 - 大; 2 - 巨型]
Msvm_MemorySettingData,BackingType,UInt8,Property,Property,❌,❌,❌,✅,指示虚拟机的内存支持类型。[枚举值: 0 - 物理; 1 - 虚拟; 2 - 混合]
Msvm_MemorySettingData,Caption,String,Property,Property,✅,✅,✅,✅,[无描述]
Msvm_MemorySettingData,Connection,String,Property,Property,✅,✅,✅,✅,[无描述]
Msvm_MemorySettingData,ConsumerVisibility,UInt16,Property,Property,✅,✅,✅,✅,[无描述]
Msvm_MemorySettingData,Description,String,Property,Property,✅,✅,✅,✅,[无描述]
Msvm_MemorySettingData,DynamicMemoryEnabled,Boolean,Property,Property,✅,✅,✅,✅,指示是否启用了动态内存。
Msvm_MemorySettingData,ElementName,String,Property,Property,✅,✅,✅,✅,[无描述]
Msvm_MemorySettingData,EnableColdHint,Boolean,Property,Property,❌,❌,❌,✅,指示是否启用了冷提示。
Msvm_MemorySettingData,EnableEpf,Boolean,Property,Property,❌,❌,❌,✅,指示是否启用了启发式页面错误。
Msvm_MemorySettingData,EnableHotHint,Boolean,Property,Property,❌,❌,❌,✅,指示是否启用了热提示。
Msvm_MemorySettingData,EnablePrivateCompressionStore,Boolean,Property,Property,❌,❌,❌,✅,指示虚拟机是否应具有私有压缩存储。
Msvm_MemorySettingData,HostResource,String,Property,Property,✅,✅,✅,✅,[无描述]
Msvm_MemorySettingData,HugePagesEnabled,Boolean,Property,Property,❌,✅,✅,✅,指示是否启用了巨型页。
Msvm_MemorySettingData,InstanceID,String,Property,Property,✅,✅,✅,✅,[无描述]
Msvm_MemorySettingData,IsVirtualized,Boolean,Property,Property,✅,✅,✅,✅,指示此设备是虚拟化还是直通（可能使用分区）。当设置为 False 时，使用底层或主机资源。DeviceID 属性中至少应存在一项。当设置为 True 时，资源被虚拟化，可能不直接映射到底层/主机资源。某些实现可能支持虚拟化资源的特定分配，在这种情况下，主机资源使用 DeviceID 属性公开。此属性始终设置为 True。
Msvm_MemorySettingData,Limit,UInt64,Property,Property,✅,✅,✅,✅,[无描述]
Msvm_MemorySettingData,MappingBehavior,UInt16,Property,Property,✅,✅,✅,✅,[无描述]
Msvm_MemorySettingData,MaxMemoryBlocksPerNumaNode,UInt64,Property,Property,✅,✅,✅,✅,在虚拟机内可被观察为属于单个 NUMA 节点的最大内存量。
Msvm_MemorySettingData,MemoryAccessTrackingPolicy,UInt8,Property,Property,❌,❌,❌,✅,指示内存访问跟踪策略 [枚举值: 0 - 最佳粒度; 1 - 4KB 粒度; 2 - 2MB 粒度; 3 - 1GB 粒度]
Msvm_MemorySettingData,MemoryAccessTrackingState,UInt8,Property,Property,❌,❌,❌,✅,指示是否应启用内存访问跟踪。[枚举值: 0 - 跟踪已禁用; 1 - 跟踪已启用; 2 - 使用每个 NUMA 配置]
Msvm_MemorySettingData,MemoryEncryptionPolicy,UInt8,Property,Property,❌,❌,✅,✅,指示内存加密策略 [枚举值: 0 - 已禁用; 1 - 如果支持则启用; 2 - 始终启用]
Msvm_MemorySettingData,OtherResourceType,String,Property,Property,✅,✅,✅,✅,[无描述]
Msvm_MemorySettingData,Parent,String,Property,Property,✅,✅,✅,✅,[无描述]
Msvm_MemorySettingData,PoolID,String,Property,Property,✅,✅,✅,✅,[无描述]
Msvm_MemorySettingData,Reservation,UInt64,Property,Property,✅,✅,✅,✅,[无描述]
Msvm_MemorySettingData,ResourceSubType,String,Property,Property,✅,✅,✅,✅,[无描述]
Msvm_MemorySettingData,ResourceType,UInt16,Property,Property,✅,✅,✅,✅,[无描述]
Msvm_MemorySettingData,SgxEnabled,Boolean,Property,Property,❌,✅,✅,✅,指示是否启用了 SGX。
Msvm_MemorySettingData,SgxLaunchControlDefault,String,Property,Property,❌,✅,✅,✅,虚拟机的默认 SGX 启动控制 MSR 值。
Msvm_MemorySettingData,SgxLaunchControlMode,UInt32,Property,Property,❌,✅,✅,✅,虚拟机的 SGX 启动控制模式。[枚举值: 0 - 无访问权限; 1 - 只读; 2 - 读写]
Msvm_MemorySettingData,SgxSize,UInt64,Property,Property,❌,✅,✅,✅,为虚拟机分配的 SGX 内存量 (MB)。
Msvm_MemorySettingData,SwapFilesInUse,Boolean,Property,Property,✅,✅,✅,✅,指示智能分页是否处于活动状态。
Msvm_MemorySettingData,TargetMemoryBuffer,UInt32,Property,Property,✅,✅,✅,✅,指示可用的目标内存。
Msvm_MemorySettingData,VirtualQuantity,UInt64,Property,Property,✅,✅,✅,✅,[无描述]
Msvm_MemorySettingData,VirtualQuantityUnits,String,Property,Property,✅,✅,✅,✅,[无描述]
Msvm_MemorySettingData,Weight,UInt32,Property,Property,✅,✅,✅,✅,[无描述]
Msvm_StorageAllocationSettingData,Access,UInt16,Property,Property,✅,✅,✅,✅,[无描述]
Msvm_StorageAllocationSettingData,Address,String,Property,Property,✅,✅,✅,✅,[无描述]
Msvm_StorageAllocationSettingData,AddressOnParent,String,Property,Property,✅,✅,✅,✅,[无描述]
Msvm_StorageAllocationSettingData,AllocationUnits,String,Property,Property,✅,✅,✅,✅,[无描述]
Msvm_StorageAllocationSettingData,AutomaticAllocation,Boolean,Property,Property,✅,✅,✅,✅,[无描述]
Msvm_StorageAllocationSettingData,AutomaticDeallocation,Boolean,Property,Property,✅,✅,✅,✅,[无描述]
Msvm_StorageAllocationSettingData,CachingMode,UInt16,Property,Property,✅,✅,✅,✅,指示是否以及如何为此 VHD 使用内存中文件缓存。默认策略在 Msvm_VirtualSystemManagementServiceSettingData 类的 DefaultVirtualHardDiskCachingMode 字段中设置。此属性保留供系统使用。[枚举值: 0 - 未知; 2 - 默认; 3 - 无缓存; 4 - 缓存可共享父级]
Msvm_StorageAllocationSettingData,Caption,String,Property,Property,✅,✅,✅,✅,[无描述]
Msvm_StorageAllocationSettingData,Connection,String,Property,Property,✅,✅,✅,✅,[无描述]
Msvm_StorageAllocationSettingData,ConsumerVisibility,UInt16,Property,Property,✅,✅,✅,✅,[无描述]
Msvm_StorageAllocationSettingData,Description,String,Property,Property,✅,✅,✅,✅,[无描述]
Msvm_StorageAllocationSettingData,ElementName,String,Property,Property,✅,✅,✅,✅,[无描述]
Msvm_StorageAllocationSettingData,HostExtentName,String,Property,Property,✅,✅,✅,✅,[无描述]
Msvm_StorageAllocationSettingData,HostExtentNameFormat,UInt16,Property,Property,✅,✅,✅,✅,[无描述]
Msvm_StorageAllocationSettingData,HostExtentNameNamespace,UInt16,Property,Property,✅,✅,✅,✅,[无描述]
Msvm_StorageAllocationSettingData,HostExtentStartingAddress,UInt64,Property,Property,✅,✅,✅,✅,[无描述]
Msvm_StorageAllocationSettingData,HostResource,String,Property,Property,✅,✅,✅,✅,[无描述]
Msvm_StorageAllocationSettingData,HostResourceBlockSize,UInt64,Property,Property,✅,✅,✅,✅,[无描述]
Msvm_StorageAllocationSettingData,IgnoreFlushes,Boolean,Property,Property,✅,✅,✅,✅,指定是否遵守来自虚拟机的刷新或直写缓存的请求。如果为 true，则主机将忽略所有刷新或直写请求。
Msvm_StorageAllocationSettingData,InstanceID,String,Property,Property,✅,✅,✅,✅,[无描述]
Msvm_StorageAllocationSettingData,IOPSAllocationUnits,String,Property,Property,✅,✅,✅,✅,指定 IOPSLimit 和 IOPSReservation 属性使用的分配单位。
Msvm_StorageAllocationSettingData,IOPSLimit,UInt64,Property,Property,✅,✅,✅,✅,将为此虚拟存储扩展提供服务的每秒最大 I/O 操作数。如果未定义该值或为 0，则设备可以发出的 IOPS 数没有限制。此属性以标准化每秒 I/O 数表示。如果请求大小小于或等于预定义的基准大小 (8KB)，则每个 I/O 请求计为 1 个标准化 I/O。大于基准大小的请求计为 N 个 I/O，其中 N 是请求大小除以基准大小后的向上取整值（例如，如果基准大小为 8KB，则 32KB 请求计为 4 个标准化 I/O，60KB 请求计为 8 个标准化 I/O，依此类推）。
Msvm_StorageAllocationSettingData,IOPSReservation,UInt64,Property,Property,✅,✅,✅,✅,将为此虚拟存储扩展提供服务的每秒最小 I/O 操作数。如果同时定义了 IOPSLimit 和 IOPSReservation，则 IOPSLimit 的值必须大于或等于 IOPSReservation。此属性以标准化每秒 I/O 数表示。如果请求大小小于或等于预定义的基准大小 (8KB)，则每个 I/O 请求计为 1 个标准化 I/O。大于基准大小的请求计为 N 个 I/O，其中 N 是请求大小除以基准大小后的向上取整值（例如，如果基准大小为 8KB，则 32KB 请求计为 4 个标准化 I/O，64KB 请求计为 8 个标准化 I/O，依此类推）。
Msvm_StorageAllocationSettingData,Limit,UInt64,Property,Property,✅,✅,✅,✅,[无描述]
Msvm_StorageAllocationSettingData,MappingBehavior,UInt16,Property,Property,✅,✅,✅,✅,[无描述]
Msvm_StorageAllocationSettingData,OtherHostExtentNameFormat,String,Property,Property,✅,✅,✅,✅,[无描述]
Msvm_StorageAllocationSettingData,OtherHostExtentNameNamespace,String,Property,Property,✅,✅,✅,✅,[无描述]
Msvm_StorageAllocationSettingData,OtherResourceType,String,Property,Property,✅,✅,✅,✅,[无描述]
Msvm_StorageAllocationSettingData,Parent,String,Property,Property,✅,✅,✅,✅,[无描述]
Msvm_StorageAllocationSettingData,PersistentReservationsSupported,Boolean,Property,Property,✅,✅,✅,✅,指示虚拟硬盘是否支持 SCSI-3 持久预留。
Msvm_StorageAllocationSettingData,PoolID,String,Property,Property,✅,✅,✅,✅,[无描述]
Msvm_StorageAllocationSettingData,Reservation,UInt64,Property,Property,✅,✅,✅,✅,[无描述]
Msvm_StorageAllocationSettingData,ResourceSubType,String,Property,Property,✅,✅,✅,✅,[无描述]
Msvm_StorageAllocationSettingData,ResourceType,UInt16,Property,Property,✅,✅,✅,✅,[无描述]
Msvm_StorageAllocationSettingData,SnapshotId,String,Property,Property,✅,✅,✅,✅,一个 GUID，表示要附加 VHD Set 文件中的哪个快照。
Msvm_StorageAllocationSettingData,StorageQoSPolicyID,String,Property,Property,✅,✅,✅,✅,指定要应用于此虚拟存储扩展的存储 QoS 策略的唯一标识符。
Msvm_StorageAllocationSettingData,VirtualQuantity,UInt64,Property,Property,✅,✅,✅,✅,[无描述]
Msvm_StorageAllocationSettingData,VirtualQuantityUnits,String,Property,Property,✅,✅,✅,✅,[无描述]
Msvm_StorageAllocationSettingData,VirtualResourceBlockSize,UInt64,Property,Property,✅,✅,✅,✅,[无描述]
Msvm_StorageAllocationSettingData,Weight,UInt32,Property,Property,✅,✅,✅,✅,[无描述]
Msvm_StorageAllocationSettingData,WriteHardeningMethod,UInt16,Property,Property,✅,✅,✅,✅,指示磁盘支持的写入强化方法。[枚举值: 0 - 默认; 1 - 启用写缓存; 2 - 启用写缓存和 FUA; 3 - 禁用写缓存]
Msvm_SummaryInformation,AllocatedGPU,String,Property,Property,✅,✅,✅,✅,分配给此虚拟机 (VM) 的物理图形处理单元 (GPU) 的标识符。此属性仅适用于使用 RemoteFX 的虚拟机。
Msvm_SummaryInformation,ApplicationHealth,UInt16,Property,Property,✅,✅,✅,✅,虚拟系统的当前应用程序运行状况。此属性可以是以下值之一：“正常”；“应用程序严重”；“已禁用”。有关更多信息，请参阅 Msvm_HeartbeatComponent 类的 StatusDescriptions 属性文档。对于表示虚拟系统快照的 Msvm_SummaryInformation 实例，此属性无效。[枚举值: 2 - 正常; 32782 - 应用程序严重; 32896 - 已禁用]
Msvm_SummaryInformation,AsynchronousTasks,Object,Property,Property,✅,✅,✅,✅,Msvm_ConcreteJob 实例数组，表示当前正在执行的与虚拟系统相关的任何异步操作。对于表示虚拟系统快照的 Msvm_SummaryInformation 实例，此属性无效。
Msvm_SummaryInformation,AvailableMemoryBuffer,SInt32,Property,Property,✅,✅,✅,✅,虚拟系统中的可用内存缓冲区百分比。
Msvm_SummaryInformation,Caption,String,Property,Property,✅,✅,✅,✅,[无描述]
Msvm_SummaryInformation,CreationTime,DateTime,Property,Property,✅,✅,✅,✅,[无描述]
Msvm_SummaryInformation,Description,String,Property,Property,✅,✅,✅,✅,[无描述]
Msvm_SummaryInformation,ElementName,String,Property,Property,✅,✅,✅,✅,[无描述]
Msvm_SummaryInformation,EnabledState,UInt16,Property,Property,✅,✅,✅,✅,[无描述]
Msvm_SummaryInformation,EnhancedSessionModeState,UInt16,Property,Property,✅,✅,✅,✅,[无描述]
Msvm_SummaryInformation,GuestOperatingSystem,String,Property,Property,✅,✅,✅,✅,客体操作系统的名称（如果可用）。如果此信息不可用，则此属性的值为 NULL。对于表示虚拟系统快照的 Msvm_SummaryInformation 实例，此属性无效。
Msvm_SummaryInformation,HealthState,UInt16,Property,Property,✅,✅,✅,✅,[无描述]
Msvm_SummaryInformation,Heartbeat,UInt16,Property,Property,✅,✅,✅,✅,虚拟系统的当前检测信号状态。此属性可以是以下值之一：“正常”；“错误”；“无联系”；或“通讯丢失”。有关更多信息，请参阅 Msvm_HeartbeatComponent 类的 StatusDescriptions 属性文档。对于表示虚拟系统快照的 Msvm_SummaryInformation 实例，此属性无效。
Msvm_SummaryInformation,HostComputerSystemName,String,Property,Property,✅,✅,✅,✅,[无描述]
Msvm_SummaryInformation,HypervisorPartitionId,UInt64,Property,Property,❌,✅,✅,✅,虚拟系统使用的虚拟机监控程序分区的唯一标识符。
Msvm_SummaryInformation,InstanceID,String,Property,Property,✅,✅,✅,✅,[无描述]
Msvm_SummaryInformation,IntegrationServicesVersionState,UInt16,Property,Property,✅,✅,✅,✅,安装在虚拟机中的集成服务是否为最新 [枚举值: 0 - 未知; 1 - 最新; 2 - 不匹配]
Msvm_SummaryInformation,MemoryAvailable,SInt32,Property,Property,✅,✅,✅,✅,虚拟系统中的可用内存百分比。
Msvm_SummaryInformation,MemorySpansPhysicalNumaNodes,Boolean,Property,Property,✅,✅,✅,✅,指示虚拟机的一个或多个虚拟非一致性内存访问 (NUMA) 节点的内存是否跨越宿主计算机系统的多个物理 NUMA 节点。
Msvm_SummaryInformation,MemoryUsage,UInt64,Property,Property,✅,✅,✅,✅,虚拟系统的当前内存使用情况。对于表示虚拟系统快照的 Msvm_SummaryInformation 实例，此属性无效。
Msvm_SummaryInformation,Name,String,Property,Property,✅,✅,✅,✅,[无描述]
Msvm_SummaryInformation,Notes,String,Property,Property,✅,✅,✅,✅,[无描述]
Msvm_SummaryInformation,NumberOfProcessors,UInt16,Property,Property,✅,✅,✅,✅,[无描述]
Msvm_SummaryInformation,OperationalStatus,UInt16,Property,Property,✅,✅,✅,✅,[无描述]
Msvm_SummaryInformation,OtherEnabledState,String,Property,Property,✅,✅,✅,✅,[无描述]
Msvm_SummaryInformation,ProcessorLoad,UInt16,Property,Property,✅,✅,✅,✅,虚拟系统的当前处理器使用率。对于表示虚拟系统快照的 Msvm_SummaryInformation 实例，此属性无效。
Msvm_SummaryInformation,ProcessorLoadHistory,UInt16,Property,Property,✅,✅,✅,✅,虚拟系统处理器使用率的前 100 个样本的数组。对于表示虚拟系统快照的 Msvm_SummaryInformation 实例，此属性无效。
Msvm_SummaryInformation,ReplicationHealth,UInt16,Property,Property,✅,✅,✅,✅,虚拟机的复制运行状况。[枚举值: 0 - 不适用; 1 - 正常; 2 - 警告; 3 - 严重]
Msvm_SummaryInformation,ReplicationHealthEx,UInt16,Property,Property,✅,✅,✅,✅,虚拟机各种复制关系的复制运行状况值数组。[枚举值: 0 - 不适用; 1 - 正常; 2 - 警告; 3 - 严重]
Msvm_SummaryInformation,ReplicationMode,UInt16,Property,Property,✅,✅,✅,✅,标识虚拟机的复制类型。[枚举值: 0 - 无; 1 - 主副本; 2 - 副本; 3 - 测试副本; 4 - 扩展副本]
Msvm_SummaryInformation,ReplicationProviderId,String,Property,Property,✅,✅,✅,✅,标识端点提供程序的提供程序的全局唯一标识符。对于 Hyper-V 主机到另一个 Hyper-V 主机，提供程序 ID 固定为 22391CDC-272C-4DDF-BA88-9BEFB1A0975C。对于外部提供程序，这是提供程序 COM 类对象的 CLSID。
Msvm_SummaryInformation,ReplicationState,UInt16,Property,Property,✅,✅,✅,✅,虚拟机的复制状态。[枚举值: 0 - 已禁用; 1 - 准备好复制; 2 - 等待完成初始复制; 3 - 正在复制; 4 - 已同步复制完成; 5 - 已恢复; 6 - 已提交; 7 - 已暂停; 8 - 严重; 9 - 等待开始重新同步; 10 - 正在重新同步; 11 - 重新同步已暂停; 12 - 正在进行故障转移]
Msvm_SummaryInformation,ReplicationStateEx,UInt16,Property,Property,✅,✅,✅,✅,虚拟机各种复制关系的复制状态值数组。[枚举值: 0 - 已禁用; 1 - 准备好复制; 2 - 等待完成初始复制; 3 - 正在复制; 4 - 已同步复制完成; 5 - 已恢复; 6 - 已提交; 7 - 已暂停; 8 - 严重; 9 - 等待开始重新同步; 10 - 正在重新同步; 11 - 重新同步已暂停; 12 - 正在进行故障转移; 13 - 正在进行故障恢复; 14 - 故障恢复完成; 15 - 正在进行磁盘更新; 16 - 磁盘更新严重; 17 - 未知; 18 - 正在进行调整用途复制; 19 - 已准备好同步复制; 20 - 已准备好组反向复制; 21 - 正在进行演练]
Msvm_SummaryInformation,Shielded,Boolean,Property,Property,✅,✅,✅,✅,指示虚拟机是否配置了屏蔽。
Msvm_SummaryInformation,Snapshots,Object,Property,Property,✅,✅,✅,✅,代表虚拟系统快照的 Msvm_VirtualSystemSettingData 实例数组。对于表示虚拟系统快照的 Msvm_SummaryInformation 实例，此属性无效。
Msvm_SummaryInformation,StatusDescriptions,String,Property,Property,✅,✅,✅,✅,[无描述]
Msvm_SummaryInformation,SwapFilesInUse,Boolean,Property,Property,✅,✅,✅,✅,指示智能分页是否处于活动状态。
Msvm_SummaryInformation,TestReplicaSystem,Reference,Property,Property,✅,✅,✅,✅,对代表虚拟机测试副本虚拟系统的 CIM_ComputerSystem 实例的引用。对于表示虚拟系统快照的 Msvm_SummaryInformation 实例，此属性无效。
Msvm_SummaryInformation,ThumbnailImage,UInt8,Property,Property,✅,✅,✅,✅,包含虚拟系统或快照桌面的 RGB565 格式的小缩略图图像的数组。
Msvm_SummaryInformation,ThumbnailImageHeight,UInt16,Property,Property,✅,✅,✅,✅,ThumbnailImage 属性中图像的像素高度。
Msvm_SummaryInformation,ThumbnailImageWidth,UInt16,Property,Property,✅,✅,✅,✅,ThumbnailImage 属性中图像的像素宽度。
Msvm_SummaryInformation,UpTime,UInt64,Property,Property,✅,✅,✅,✅,[无描述]
Msvm_SummaryInformation,Version,String,Property,Property,✅,✅,✅,✅,[无描述]
Msvm_SummaryInformation,VirtualSwitchNames,String,Property,Property,✅,✅,✅,✅,[无描述]
Msvm_SummaryInformation,VirtualSystemSubType,String,Property,Property,✅,✅,✅,✅,[无描述]
Msvm_GpuPartitionSettingData,Address,String,Property,Property,✅,✅,✅,✅,[无描述]
Msvm_GpuPartitionSettingData,AddressOnParent,String,Property,Property,✅,✅,✅,✅,[无描述]
Msvm_GpuPartitionSettingData,AllocationUnits,String,Property,Property,✅,✅,✅,✅,[无描述]
Msvm_GpuPartitionSettingData,AutomaticAllocation,Boolean,Property,Property,✅,✅,✅,✅,[无描述]
Msvm_GpuPartitionSettingData,AutomaticDeallocation,Boolean,Property,Property,✅,✅,✅,✅,[无描述]
Msvm_GpuPartitionSettingData,Caption,String,Property,Property,✅,✅,✅,✅,[无描述]
Msvm_GpuPartitionSettingData,Connection,String,Property,Property,✅,✅,✅,✅,[无描述]
Msvm_GpuPartitionSettingData,ConsumerVisibility,UInt16,Property,Property,✅,✅,✅,✅,[无描述]
Msvm_GpuPartitionSettingData,Description,String,Property,Property,✅,✅,✅,✅,[无描述]
Msvm_GpuPartitionSettingData,ElementName,String,Property,Property,✅,✅,✅,✅,[无描述]
Msvm_GpuPartitionSettingData,HostResource,String,Property,Property,✅,✅,✅,✅,[无描述]
Msvm_GpuPartitionSettingData,InstanceID,String,Property,Property,✅,✅,✅,✅,[无描述]
Msvm_GpuPartitionSettingData,Limit,UInt64,Property,Property,✅,✅,✅,✅,[无描述]
Msvm_GpuPartitionSettingData,MappingBehavior,UInt16,Property,Property,✅,✅,✅,✅,[无描述]
Msvm_GpuPartitionSettingData,MaxPartitionCompute,UInt64,Property,Property,✅,✅,✅,✅,GPU 分区中显示的最大计算引擎量。
Msvm_GpuPartitionSettingData,MaxPartitionDecode,UInt64,Property,Property,✅,✅,✅,✅,GPU 分区中显示的最大解码引擎量。
Msvm_GpuPartitionSettingData,MaxPartitionEncode,UInt64,Property,Property,✅,✅,✅,✅,GPU 分区中显示的最大编码引擎量。
Msvm_GpuPartitionSettingData,MaxPartitionVRAM,UInt64,Property,Property,✅,✅,✅,✅,GPU 分区中显示的最大显存 (VRAM) 量。
Msvm_GpuPartitionSettingData,MinPartitionCompute,UInt64,Property,Property,✅,✅,✅,✅,GPU 分区中显示的最小计算引擎量。
Msvm_GpuPartitionSettingData,MinPartitionDecode,UInt64,Property,Property,✅,✅,✅,✅,GPU 分区中显示的最小解码引擎量。
Msvm_GpuPartitionSettingData,MinPartitionEncode,UInt64,Property,Property,✅,✅,✅,✅,GPU 分区中显示的最小编码引擎量。
Msvm_GpuPartitionSettingData,MinPartitionVRAM,UInt64,Property,Property,✅,✅,✅,✅,GPU 分区中显示的最小显存 (VRAM) 量。
Msvm_GpuPartitionSettingData,NumaAwarePlacement,Boolean,Property,Property,❌,❌,✅,✅,指定设备是否以感知 NUMA 的方式配置。
Msvm_GpuPartitionSettingData,OptimalPartitionCompute,UInt64,Property,Property,✅,✅,✅,✅,GPU 分区中显示的最佳计算引擎量。
Msvm_GpuPartitionSettingData,OptimalPartitionDecode,UInt64,Property,Property,✅,✅,✅,✅,GPU 分区中显示的最佳解码引擎量。
Msvm_GpuPartitionSettingData,OptimalPartitionEncode,UInt64,Property,Property,✅,✅,✅,✅,GPU 分区中显示的最佳编码引擎量。
Msvm_GpuPartitionSettingData,OptimalPartitionVRAM,UInt64,Property,Property,✅,✅,✅,✅,GPU 分区中显示的最佳显存 (VRAM) 量。
Msvm_GpuPartitionSettingData,OtherResourceType,String,Property,Property,✅,✅,✅,✅,[无描述]
Msvm_GpuPartitionSettingData,Parent,String,Property,Property,✅,✅,✅,✅,[无描述]
Msvm_GpuPartitionSettingData,PoolID,String,Property,Property,✅,✅,✅,✅,[无描述]
Msvm_GpuPartitionSettingData,Reservation,UInt64,Property,Property,✅,✅,✅,✅,[无描述]
Msvm_GpuPartitionSettingData,ResourceSubType,String,Property,Property,✅,✅,✅,✅,[无描述]
Msvm_GpuPartitionSettingData,ResourceType,UInt16,Property,Property,✅,✅,✅,✅,[无描述]
Msvm_GpuPartitionSettingData,VirtualQuantity,UInt64,Property,Property,✅,✅,✅,✅,[无描述]
Msvm_GpuPartitionSettingData,VirtualQuantityUnits,String,Property,Property,✅,✅,✅,✅,[无描述]
Msvm_GpuPartitionSettingData,VirtualSystemIdentifiers,String,Property,Property,❌,✅,✅,✅,提供给虚拟计算机系统操作系统的此资源的自由格式字符串标识符数组。每个索引的值是根据每个资源定义的（即针对每个枚举的 ResourceType 值）。此属性设置为 “GUID”。这是一个只读属性，但可以使用 ModifyVirtualSystemResources 方法进行更改。
Msvm_GpuPartitionSettingData,Weight,UInt32,Property,Property,✅,✅,✅,✅,[无描述]
Msvm_PartitionableGpu,AvailableCompute,UInt64,Property,Property,✅,✅,✅,✅,GPU 分区中显示的可用计算引擎量。
Msvm_PartitionableGpu,AvailableDecode,UInt64,Property,Property,✅,✅,✅,✅,GPU 分区中显示的可用解码引擎量。
Msvm_PartitionableGpu,AvailableEncode,UInt64,Property,Property,✅,✅,✅,✅,GPU 分区中显示的可用编码引擎量。
Msvm_PartitionableGpu,AvailableRequestedStates,UInt16,Property,Property,✅,✅,✅,✅,[无描述]
Msvm_PartitionableGpu,AvailableVRAM,UInt64,Property,Property,✅,✅,✅,✅,GPU 分区中显示的可用显存 (VRAM) 量。
Msvm_PartitionableGpu,Caption,String,Property,Property,✅,✅,✅,✅,[无描述]
Msvm_PartitionableGpu,CommunicationStatus,UInt16,Property,Property,✅,✅,✅,✅,[无描述]
Msvm_PartitionableGpu,CreationClassName,String,Property,Property,✅,✅,✅,✅,[无描述]
Msvm_PartitionableGpu,Dedicated,UInt16,Property,Property,✅,✅,✅,✅,[无描述]
Msvm_PartitionableGpu,Description,String,Property,Property,✅,✅,✅,✅,[无描述]
Msvm_PartitionableGpu,DetailedStatus,UInt16,Property,Property,✅,✅,✅,✅,[无描述]
Msvm_PartitionableGpu,ElementName,String,Property,Property,✅,✅,✅,✅,[无描述]
Msvm_PartitionableGpu,EnabledDefault,UInt16,Property,Property,✅,✅,✅,✅,[无描述]
Msvm_PartitionableGpu,EnabledState,UInt16,Property,Property,✅,✅,✅,✅,[无描述]
Msvm_PartitionableGpu,HealthState,UInt16,Property,Property,✅,✅,✅,✅,[无描述]
Msvm_PartitionableGpu,IdentifyingDescriptions,String,Property,Property,✅,✅,✅,✅,[无描述]
Msvm_PartitionableGpu,InstallDate,DateTime,Property,Property,✅,✅,✅,✅,[无描述]
Msvm_PartitionableGpu,InstanceID,String,Property,Property,✅,✅,✅,✅,[无描述]
Msvm_PartitionableGpu,MaxPartitionCompute,UInt64,Property,Property,✅,✅,✅,✅,GPU 分区中显示的最大计算引擎量。
Msvm_PartitionableGpu,MaxPartitionDecode,UInt64,Property,Property,✅,✅,✅,✅,GPU 分区中显示的最大解码引擎量。
Msvm_PartitionableGpu,MaxPartitionEncode,UInt64,Property,Property,✅,✅,✅,✅,GPU 分区中显示的最大编码引擎量。
Msvm_PartitionableGpu,MaxPartitionVRAM,UInt64,Property,Property,✅,✅,✅,✅,GPU 分区中显示的最大显存 (VRAM) 量。
Msvm_PartitionableGpu,MinPartitionCompute,UInt64,Property,Property,✅,✅,✅,✅,GPU 分区中显示的最小计算引擎量。
Msvm_PartitionableGpu,MinPartitionDecode,UInt64,Property,Property,✅,✅,✅,✅,GPU 分区中显示的最小解码引擎量。
Msvm_PartitionableGpu,MinPartitionEncode,UInt64,Property,Property,✅,✅,✅,✅,GPU 分区中显示的最小编码引擎量。
Msvm_PartitionableGpu,MinPartitionVRAM,UInt64,Property,Property,✅,✅,✅,✅,GPU 分区中显示的最小显存 (VRAM) 量。
Msvm_PartitionableGpu,Name,String,Property,Property,✅,✅,✅,✅,[无描述]
Msvm_PartitionableGpu,NameFormat,String,Property,Property,✅,✅,✅,✅,[无描述]
Msvm_PartitionableGpu,OperatingStatus,UInt16,Property,Property,✅,✅,✅,✅,[无描述]
Msvm_PartitionableGpu,OperationalStatus,UInt16,Property,Property,✅,✅,✅,✅,[无描述]
Msvm_PartitionableGpu,OptimalPartitionCompute,UInt64,Property,Property,✅,✅,✅,✅,GPU 分区中显示的最佳计算引擎量。
Msvm_PartitionableGpu,OptimalPartitionDecode,UInt64,Property,Property,✅,✅,✅,✅,GPU 分区中显示的最佳解码引擎量。
Msvm_PartitionableGpu,OptimalPartitionEncode,UInt64,Property,Property,✅,✅,✅,✅,GPU 分区中显示的最佳编码引擎量。
Msvm_PartitionableGpu,OptimalPartitionVRAM,UInt64,Property,Property,✅,✅,✅,✅,GPU 分区中显示的最佳显存 (VRAM) 量。
Msvm_PartitionableGpu,OtherDedicatedDescriptions,String,Property,Property,✅,✅,✅,✅,[无描述]
Msvm_PartitionableGpu,OtherEnabledState,String,Property,Property,✅,✅,✅,✅,[无描述]
Msvm_PartitionableGpu,OtherIdentifyingInfo,String,Property,Property,✅,✅,✅,✅,[无描述]
Msvm_PartitionableGpu,PartitionCount,UInt16,Property,Property,✅,✅,✅,✅,物理 GPU 被切分成的 GPU 分区数量。
Msvm_PartitionableGpu,PowerManagementCapabilities,UInt16,Property,Property,✅,✅,✅,✅,[无描述]
Msvm_PartitionableGpu,PrimaryOwnerContact,String,Property,Property,✅,✅,✅,✅,[无描述]
Msvm_PartitionableGpu,PrimaryOwnerName,String,Property,Property,✅,✅,✅,✅,[无描述]
Msvm_PartitionableGpu,PrimaryStatus,UInt16,Property,Property,✅,✅,✅,✅,[无描述]
Msvm_PartitionableGpu,RequestedState,UInt16,Property,Property,✅,✅,✅,✅,[无描述]
Msvm_PartitionableGpu,ResetCapability,UInt16,Property,Property,✅,✅,✅,✅,[无描述]
Msvm_PartitionableGpu,Roles,String,Property,Property,✅,✅,✅,✅,[无描述]
Msvm_PartitionableGpu,Status,String,Property,Property,✅,✅,✅,✅,[无描述]
Msvm_PartitionableGpu,StatusDescriptions,String,Property,Property,✅,✅,✅,✅,[无描述]
Msvm_PartitionableGpu,SupportsIncomingLiveMigration,Boolean,Property,Property,❌,❌,❌,✅,指示可分区 GPU 是否支持从兼容 GPU 迁入 GPU 分区的虚拟机实时迁移。
Msvm_PartitionableGpu,TimeOfLastStateChange,DateTime,Property,Property,✅,✅,✅,✅,[无描述]
Msvm_PartitionableGpu,TotalCompute,UInt64,Property,Property,✅,✅,✅,✅,GPU 分区中显示的总计算引擎量。
Msvm_PartitionableGpu,TotalDecode,UInt64,Property,Property,✅,✅,✅,✅,GPU 分区中显示的总解码引擎量。
Msvm_PartitionableGpu,TotalEncode,UInt64,Property,Property,✅,✅,✅,✅,GPU 分区中显示的总编码引擎量。
Msvm_PartitionableGpu,TotalVRAM,UInt64,Property,Property,✅,✅,✅,✅,GPU 分区中显示的总显存 (VRAM) 量。
Msvm_PartitionableGpu,TransitioningToState,UInt16,Property,Property,✅,✅,✅,✅,[无描述]
Msvm_PartitionableGpu,ValidPartitionCounts,UInt16,Property,Property,✅,✅,✅,✅,物理 GPU 可以切分成的有效 GPU 分区选项数组。
Msvm_PartitionableGpu,RequestStateChange,Method,Method,Method,✅,✅,✅,✅,[无描述]
Msvm_PartitionableGpu,SetPowerState,Method,Method,Method,✅,✅,✅,✅,[无描述]
Msvm_VirtualSystemManagementService,AvailableRequestedStates,UInt16,Property,Property,✅,✅,✅,✅,[无描述]
Msvm_VirtualSystemManagementService,Caption,String,Property,Property,✅,✅,✅,✅,[无描述]
Msvm_VirtualSystemManagementService,CommunicationStatus,UInt16,Property,Property,✅,✅,✅,✅,[无描述]
Msvm_VirtualSystemManagementService,CreationClassName,String,Property,Property,✅,✅,✅,✅,[无描述]
Msvm_VirtualSystemManagementService,Description,String,Property,Property,✅,✅,✅,✅,[无描述]
Msvm_VirtualSystemManagementService,DetailedStatus,UInt16,Property,Property,✅,✅,✅,✅,[无描述]
Msvm_VirtualSystemManagementService,ElementName,String,Property,Property,✅,✅,✅,✅,[无描述]
Msvm_VirtualSystemManagementService,EnabledDefault,UInt16,Property,Property,✅,✅,✅,✅,[无描述]
Msvm_VirtualSystemManagementService,EnabledState,UInt16,Property,Property,✅,✅,✅,✅,[无描述]
Msvm_VirtualSystemManagementService,HealthState,UInt16,Property,Property,✅,✅,✅,✅,[无描述]
Msvm_VirtualSystemManagementService,InstallDate,DateTime,Property,Property,✅,✅,✅,✅,[无描述]
Msvm_VirtualSystemManagementService,InstanceID,String,Property,Property,✅,✅,✅,✅,[无描述]
Msvm_VirtualSystemManagementService,Name,String,Property,Property,✅,✅,✅,✅,[无描述]
Msvm_VirtualSystemManagementService,OperatingStatus,UInt16,Property,Property,✅,✅,✅,✅,[无描述]
Msvm_VirtualSystemManagementService,OperationalStatus,UInt16,Property,Property,✅,✅,✅,✅,[无描述]
Msvm_VirtualSystemManagementService,OtherEnabledState,String,Property,Property,✅,✅,✅,✅,[无描述]
Msvm_VirtualSystemManagementService,PrimaryOwnerContact,String,Property,Property,✅,✅,✅,✅,[无描述]
Msvm_VirtualSystemManagementService,PrimaryOwnerName,String,Property,Property,✅,✅,✅,✅,[无描述]
Msvm_VirtualSystemManagementService,PrimaryStatus,UInt16,Property,Property,✅,✅,✅,✅,[无描述]
Msvm_VirtualSystemManagementService,RequestedState,UInt16,Property,Property,✅,✅,✅,✅,[无描述]
Msvm_VirtualSystemManagementService,Started,Boolean,Property,Property,✅,✅,✅,✅,[无描述]
Msvm_VirtualSystemManagementService,StartMode,String,Property,Property,✅,✅,✅,✅,[无描述]
Msvm_VirtualSystemManagementService,Status,String,Property,Property,✅,✅,✅,✅,[无描述]
Msvm_VirtualSystemManagementService,StatusDescriptions,String,Property,Property,✅,✅,✅,✅,[无描述]
Msvm_VirtualSystemManagementService,SystemCreationClassName,String,Property,Property,✅,✅,✅,✅,[无描述]
Msvm_VirtualSystemManagementService,SystemName,String,Property,Property,✅,✅,✅,✅,[无描述]
Msvm_VirtualSystemManagementService,TimeOfLastStateChange,DateTime,Property,Property,✅,✅,✅,✅,[无描述]
Msvm_VirtualSystemManagementService,TransitioningToState,UInt16,Property,Property,✅,✅,✅,✅,[无描述]
Msvm_VirtualSystemManagementService,RequestStateChange,Method,Method,Method,✅,✅,✅,✅,[无描述]
Msvm_VirtualSystemManagementService,StartService,Method,Method,Method,✅,✅,✅,✅,[无描述]
Msvm_VirtualSystemManagementService,StopService,Method,Method,Method,✅,✅,✅,✅,[无描述]
Msvm_VirtualSystemManagementService,AddResourceSettings,Method,Method,Method,✅,✅,✅,✅,向虚拟系统配置添加资源。当应用于“状态”虚拟系统配置时，作为副作用，资源将添加到活动虚拟系统。
Msvm_VirtualSystemManagementService,DefineSystem,Method,Method,Method,✅,✅,✅,✅,定义虚拟系统。未完全指定的输入可以用默认值填充。
Msvm_VirtualSystemManagementService,DestroySystem,Method,Method,Method,✅,✅,✅,✅,销毁虚拟系统。引用的虚拟系统及其范围内的任何元素都将被销毁。虚拟资源将返回到其资源池，这可能意味着销毁这些资源（取决于实现）。如果调用操作时虚拟系统处于活动状态，则首先将其停用，然后销毁。如果是从虚拟系统创建的快照，这些快照也将被销毁。
Msvm_VirtualSystemManagementService,ModifyResourceSettings,Method,Method,Method,✅,✅,✅,✅,修改虚拟资源设置。当应用于“当前”虚拟系统配置的部分时，作为副作用，可能会修改活动虚拟系统的资源。
Msvm_VirtualSystemManagementService,ModifySystemSettings,Method,Method,Method,✅,✅,✅,✅,修改虚拟系统设置。当应用于“当前”虚拟系统配置的系统设置时，作为副作用，可能会修改虚拟系统实例。
Msvm_VirtualSystemManagementService,RemoveResourceSettings,Method,Method,Method,✅,✅,✅,✅,从虚拟系统配置中移除虚拟资源设置。当应用于“当前”虚拟系统配置的部分时，作为副作用，可能会移除活动虚拟系统的资源。
Msvm_VirtualSystemManagementService,DefinePlannedSystem,Method,Method,Method,✅,✅,✅,✅,定义计划的虚拟系统。未完全指定的输入可以用默认值填充。
Msvm_VirtualSystemManagementService,ValidatePlannedSystem,Method,Method,Method,✅,✅,✅,✅,[无描述]
Msvm_VirtualSystemManagementService,UpgradeSystemVersion,Method,Method,Method,✅,✅,✅,✅,升级虚拟系统。当应用于“当前”虚拟系统配置的系统设置时。
Msvm_VirtualSystemManagementService,ImportSystemDefinition,Method,Method,Method,✅,✅,✅,✅,基于指定的虚拟系统定义创建新的计划计算机系统。指定的定义文件不得已被宿主系统或虚拟化平台使用。将在 SnapshotFolder 文件夹中搜索以定位虚拟系统定义引用的任何快照。必须在实现计划计算机系统之前，使用 RemoveVirtualSystemSnapshot 方法删除此位置未找到的任何引用快照，或使用 ImportSnapshotDefinitions 方法导入这些快照。
Msvm_VirtualSystemManagementService,ImportSnapshotDefinitions,Method,Method,Method,✅,✅,✅,✅,在 SnapshotFolder 文件夹中搜索与指定计划计算机系统关联的任何快照定义文件。将为此位置的每个关联定义文件在计划计算机系统上创建一个新快照。
Msvm_VirtualSystemManagementService,RealizePlannedSystem,Method,Method,Method,✅,✅,✅,✅,验证计划虚拟系统的配置并将其转换为已实现的虚拟系统。如果适用，与虚拟系统关联的任何运行时或保存状态文件将从导入目录复制到虚拟系统的数据根目录。
Msvm_VirtualSystemManagementService,ExportSystemDefinition,Method,Method,Method,✅,✅,✅,✅,将处于“关机”或“已保存”状态的虚拟计算机系统（或虚拟计算机系统的快照）导出到文件。虚拟计算机系统、其关联的配置设置及其关联的资源设置将保留在结果文件中。返回值：如果此方法同步执行，则成功返回 0。如果此方法异步执行，则返回 4096，可以使用 Job 输出参数跟踪异步操作的进度。任何其他返回值表示错误。
Msvm_VirtualSystemManagementService,AddFeatureSettings,Method,Method,Method,✅,✅,✅,✅,向虚拟机以太网连接的配置添加以太网功能设置。
Msvm_VirtualSystemManagementService,ModifyFeatureSettings,Method,Method,Method,✅,✅,✅,✅,修改虚拟机以太网连接的当前功能设置。
Msvm_VirtualSystemManagementService,RemoveFeatureSettings,Method,Method,Method,✅,✅,✅,✅,从虚拟机以太网连接中移除功能设置。
Msvm_VirtualSystemManagementService,AddBootSourceSettings,Method,Method,Method,✅,✅,✅,✅,当应用于“状态”虚拟系统配置时，向虚拟系统配置添加引导源。
Msvm_VirtualSystemManagementService,AddGuestServiceSettings,Method,Method,Method,✅,✅,✅,✅,向虚拟系统配置添加客体服务设置。当应用于“当前”虚拟系统配置的部分时，作为副作用，可能会修改活动虚拟系统的客体服务。
Msvm_VirtualSystemManagementService,ModifyGuestServiceSettings,Method,Method,Method,✅,✅,✅,✅,修改客体服务设置。当应用于“当前”虚拟系统配置的部分时，作为副作用，可能会修改活动虚拟系统的客体服务。
Msvm_VirtualSystemManagementService,RemoveBootSourceSettings,Method,Method,Method,✅,✅,✅,✅,从虚拟系统配置中移除引导源设置。当应用于“当前”虚拟系统配置的部分时，作为副作用，可能会移除活动虚拟系统的资源。
Msvm_VirtualSystemManagementService,RemoveGuestServiceSettings,Method,Method,Method,✅,✅,✅,✅,从虚拟系统配置中移除客体服务设置。当应用于“当前”虚拟系统配置的部分时，作为副作用，可能会修改活动虚拟系统的客体服务。
Msvm_VirtualSystemManagementService,GetVirtualSystemThumbnailImage,Method,Method,Method,✅,✅,✅,✅,检索现有虚拟系统的缩略图图像。返回值：此方法返回原始 RGB 565 格式的值。
Msvm_VirtualSystemManagementService,ModifyServiceSettings,Method,Method,Method,✅,✅,✅,✅,修改服务的设置数据。
Msvm_VirtualSystemManagementService,GetSummaryInformation,Method,Method,Method,✅,✅,✅,✅,返回虚拟系统摘要信息。
Msvm_VirtualSystemManagementService,GetDefinitionFileSummaryInformation,Method,Method,Method,✅,✅,✅,✅,返回指定虚拟机定义文件的虚拟系统摘要信息。
Msvm_VirtualSystemManagementService,AddKvpItems,Method,Method,Method,✅,✅,✅,✅,向虚拟系统添加键值对。
Msvm_VirtualSystemManagementService,ModifyKvpItems,Method,Method,Method,✅,✅,✅,✅,修改虚拟系统上的现有键值对。
Msvm_VirtualSystemManagementService,RemoveKvpItems,Method,Method,Method,✅,✅,✅,✅,从虚拟系统中移除现有键值对。
Msvm_VirtualSystemManagementService,FormatError,Method,Method,Method,✅,✅,✅,✅,返回指定嵌入式 Msvm_Error 实例数组的格式化错误消息字符串。
Msvm_VirtualSystemManagementService,ModifyDiskMergeSettings,Method,Method,Method,✅,✅,✅,✅,修改磁盘合并设置数据。
Msvm_VirtualSystemManagementService,GenerateWwpn,Method,Method,Method,✅,✅,✅,✅,此 API 在由 Msvm_VirtualSystemManagementSettingData 类的 MinimumWwpnAddress 和 MaximumWwpnAddress 属性定义的预配置范围内生成请求数量的 WorldWidePortNames。每次调用请求的 NumberOfWwpns 不得小于 1 或大于 1024。如果可以生成的有效 WWPN 数量小于请求的数量，则 GeneratedWwpn 数组中的剩余条目将具有无效条目“0000000000000000”，并且返回值将指示成功 (0)。
Msvm_VirtualSystemManagementService,AddFibreChannelChap,Method,Method,Method,✅,✅,✅,✅,此 API 向 VM 中的合成光纤通道端口添加 DH-CHAP 参数。如果 VM 正在运行，此操作将失败。
Msvm_VirtualSystemManagementService,RemoveFibreChannelChap,Method,Method,Method,✅,✅,✅,✅,此 API 从 VM 中的合成光纤通道端口移除 DH-CHAP 参数。如果 VM 正在运行，此操作将失败。
Msvm_VirtualSystemManagementService,SetGuestNetworkAdapterConfiguration,Method,Method,Method,✅,✅,✅,✅,配置客体操作系统内的网络适配器。这些配置参数在与客体操作系统内运行的 KVP 交换集成组件建立通信后立即应用。
Msvm_VirtualSystemManagementService,GetSizeOfSystemFiles,Method,Method,Method,✅,✅,✅,✅,检索系统文件的总大小。这些文件包括配置和保存的状态文件。
Msvm_VirtualSystemManagementService,GetCurrentWwpnFromGenerator,Method,Method,Method,✅,✅,✅,✅,此 API 提供查看由 Msvm_VirtualSystemManagementSettingData 类的 MinimumWwpnAddress 和 MaximumWwpnAddress 属性定义的预配置范围内的当前 WorldWidePortName 的功能。如果这些属性定义的范围已耗尽，则 CurrentWwpn 输出参数将具有无效条目“0000000000000000”，并且返回值将指示成功 (0)。
Msvm_VirtualSystemManagementService,TestNetworkConnection,Method,Method,Method,✅,✅,✅,✅,测试 Windows 网络虚拟化环境中 VM 的网络连接性。
Msvm_VirtualSystemManagementService,DiagnoseNetworkConnection,Method,Method,Method,✅,✅,✅,✅,诊断 Windows 网络虚拟化环境中 VM 的网络连接性。
Msvm_VirtualSystemManagementService,SetInitialMachineConfigurationData,Method,Method,Method,✅,✅,✅,✅,设置 VM 的初始计算机配置数据。
Msvm_VirtualSystemManagementService,AddSystemComponentSettings,Method,Method,Method,✅,✅,✅,✅,向虚拟系统配置添加通用设置。
Msvm_VirtualSystemManagementService,ModifySystemComponentSettings,Method,Method,Method,✅,✅,✅,✅,修改通用系统组件设置。
Msvm_VirtualSystemManagementService,RemoveSystemComponentSettings,Method,Method,Method,✅,✅,✅,✅,从虚拟系统配置中移除通用组件设置。
