"Class","Member","Type","Category","Desc"
"Win32_VideoController","AcceleratorCapabilities","UInt16","Property","一个整数数组，用于指明视频控制器的图形和 3D 功能。"
"Win32_VideoController","AdapterCompatibility","String","Property","AdapterCompatibility 属性包含此控制器使用的通用芯片集，它用于与系统比较兼容性"
"Win32_VideoController","AdapterDACType","String","Property","AdapterDACType 属性包含数字-模拟转换器(DAC)芯片名称或 ID 的字符串。 字符集: 字母数字"
"Win32_VideoController","AdapterRAM","UInt32","Property","AdapterRAM 属性指明视频适配器的内存大小。 例如: 64000"
"Win32_VideoController","Availability","UInt16","Property","设备的可用性和状态。例如: Availability 属性可以指明设备正在运行并且为全功率(值=3)、或者处于警告(4)、测试(5)、降级(10)或节能状态(值为 13-15 和 17)。有关节能状态，其定义如下所示: 值 13 (“节能 - 未知”)表示设备处于节能模式，但是它在该模式中的准确状态未知；14 (“节能 - 低功耗模式”)表示设备处于节能状态，但仍然正常运转，可能会出现性能下降；15 (“节能 - 待机”)表示设备没有正常运转，但是可以“快速”转入全功率工作状态；值为 17 (“节能 - 警告”)时表示设备虽然处于节能模式，但它的状态是警告状态。 [枚举值: 1 - 其他; 2 - 未知; 3 - 正在运行/全功耗; 4 - 警告; 5 - 正在测试; 6 - 不适用; 7 - 关闭电源; 8 - 脱机; 9 - 休息; 10 - 已降级; 11 - 未安装; 12 - 安装错误; 13 - 节能 - 未知; 14 - 节能 - 低功耗模式; 15 - 节能 - 待机; 16 - 电源重启; 17 - 节能 - 警告; 18 - 已暂停; 19 - 未就绪; 20 - 未配置; 21 - 静止]"
"Win32_VideoController","CapabilityDescriptions","String","Property","一个自由格式字符串数组，用于为“功能”数组中指出的任何视频加速器功能提供更为详细的说明。请注意: 此数组的每一项都与“功能”数组中具有相同索引的项目关联。"
"Win32_VideoController","Caption","String","Property","[无描述]"
"Win32_VideoController","ColorTableEntries","UInt32","Property","当设备的颜色深度不超过每像素 8 位时，ColorTableEntries 属性可指明系统颜色表的大小，在其他情况下，其值为 NULL。<P>例如: 256"
"Win32_VideoController","ConfigManagerErrorCode","UInt32","Property","指明 Win32 配置管理器错误代码。可能返回下列值:  0     此设备运行正常。 1     此设备的配置不正确。 2     Windows 无法为此设备加载驱动程序。 3     此设备的驱动程序可能已损坏，或者系统内存或其他资源不足。 4     此设备不能正常运行。某个驱动程序或注册表可能已损坏。 5     此设备的驱动程序需要一个 Windows 无法管理的资源。 6     此设备的引导配置与其他设备冲突。 7     无法筛选。 8     找不到此设备的驱动程序加载器。 9     由于控制固件没有正确报告此设备的资源，所以该设备无法正常运行。 10     此设备无法启动。 11     此设备失败。 12     此设备无法找到足够的可用空闲资源。 13     Windows 无法识别此设备的资源。 14     重新启动计算机之前，此设备无法正常运行。 15     由于可能存在重新枚举的问题，所以此设备无法正常运行。 16     Windows 无法识别此设备使用的所有资源。 17     此设备正在请求未知的资源类型。 18     为此设备重新安装驱动程序。 19     你的注册表可能已损坏。 20     使用 VxD 加载器失败。 21     系统失败: 请尝试更改此设备的驱动程序。如果仍然无效，请参阅你的硬件文档。Windows 正在删除此设备。 22     此设备已被禁用。 23     系统失败: 请尝试更改此设备的驱动程序。如果仍然无效，请参阅你的硬件文档。 24     此设备不存在、无法正常运行或者没有安装所有的驱动程序。 25     Windows 仍在安装此设备。 26     Windows 仍在安装此设备。 27     此设备的日志配置无效。 28     没有安装此设备的驱动程序。 29     由于此设备的固件没有提供所需资源，所以此设备已被禁用。 30     此设备正在使用另一台设备使用的中断请求(IRQ)资源。 31     由于 Windows 无法加载此设备所需的驱动程序，所以此设备无法正常运行。 [枚举值: 0 - 该设备正常工作。; 1 - 未正确配置该设备。; 2 - Windows 无法为此设备加载驱动程序。; 3 - 该设备的驱动程序可能已损坏，或者系统的内存或其他资源不足。; 4 - 该设备无法正常工作。某个驱动程序或注册表可能已损坏。; 5 - Windows 无法管理该设备的驱动程序所需的资源。; 6 - 该设备的引导配置与其他设备发生冲突。; 7 - 无法筛选。; 8 - 找不到设备的驱动程序加载器。; 9 - 由于控制固件没有正确报告此设备的资源，所以该设备无法正常运行。; 10 - 该设备无法启动。; 11 - 该设备发生故障。; 12 - 该设备找不到足够的可用资源。; 13 - Windows 无法验证该设备的资源。; 14 - 在重新启动计算机之前，该设备无法正常工作。; 15 - 该设备未正常工作，可能是因为出现了重新枚举问题。; 16 - Windows 无法识别该设备使用的所有资源。; 17 - 该设备正在请求未知的资源类型。; 18 - 重新安装该设备的驱动程序。; 19 - 使用 VxD 加载器失败。; 20 - 注册表可能已损坏。; 21 - 系统失败: 请尝试更改此设备的驱动程序。如果仍然无效，请参阅你的硬件文档。Windows 正在删除此设备。; 22 - 已禁用该设备。; 23 - 系统故障: 尝试更改该设备的驱动程序。如果不起作用，请参阅硬件文档。; 24 - 该设备不存在、未正常工作或没有安装其所有驱动程序。; 25 - Windows 仍在设置该设备。; 26 - Windows 仍在设置该设备。; 27 - 该设备没有有效的日志配置。; 28 - 未安装该设备的驱动程序。; 29 - 已禁用该设备，因为设备固件没有提供所需的资源。; 30 - 该设备使用的中断请求(IRQ)资源正在被另一个设备所使用。; 31 - 该设备未正常工作，因为 Windows 无法加载该设备所需的驱动程序。]"
"Win32_VideoController","ConfigManagerUserConfig","Boolean","Property","指明设备是否使用用户定义的配置。"
"Win32_VideoController","CreationClassName","String","Property","CreationClassName 指明创建实例时使用的类或子类的名称。与此类的其他键属性一起使用时，此属性可唯一标识此类及其子类的所有实例。"
"Win32_VideoController","CurrentBitsPerPixel","UInt32","Property","用于显示每个像素的位数。"
"Win32_VideoController","CurrentHorizontalResolution","UInt32","Property","当前的水平像素数。"
"Win32_VideoController","CurrentNumberOfColors","UInt64","Property","当前分辨率支持的颜色数。"
"Win32_VideoController","CurrentNumberOfColumns","UInt32","Property","如果使用字符模式，请输入此视频控制器的列数，否则请输入 0。"
"Win32_VideoController","CurrentNumberOfRows","UInt32","Property","如果使用字符模式，请输入此视频控制器的行数，否则请输入 0。"
"Win32_VideoController","CurrentRefreshRate","UInt32","Property","CurrentRefreshRate 属性指定视频控制器刷新监视器图像的频率。0 表示使用默认频率，0xFFFFFFFF 表示使用优化频率。"
"Win32_VideoController","CurrentScanMode","UInt16","Property","当前扫描模式。通过这个属性可以定义“隔行扫描”(值=3) 或“逐行扫描”(4)。 [枚举值: 1 - 其他; 2 - 未知; 3 - 隔行扫描; 4 - 非隔行扫描]"
"Win32_VideoController","CurrentVerticalResolution","UInt32","Property","当前的垂直像素数。"
"Win32_VideoController","Description","String","Property","[无描述]"
"Win32_VideoController","DeviceID","String","Property","DeviceID 属性包含此视频控制器的标识符(对于计算机系统而言具有唯一性)。"
"Win32_VideoController","DeviceSpecificPens","UInt32","Property","DeviceSpecificPens 属性指明设备专用笔的当前数量。值为 0xffff 表示设备不支持此类笔。 例如: 3"
"Win32_VideoController","DitherType","UInt32","Property","DitherType 属性指明视频控制器的递色类型。该属性可以使用以下预定义值之一，也可以使用由驱动程序定义的值(大于或等于 256)。值的含义如下: -1	-	无递色。2	-	用粗刷递色。3	-	用细刷递色。4	-	艺术线条递色，一种特殊的递色方法，		可在黑、白和灰度间产生明确的边框界限。		它不适合用于包含连续亮度和色度分度的图像，例如扫描图片。5	-	设备负责灰阶化。 [枚举值: 1 - 无递色; 2 - 带粗刷的递色; 3 - 带细刷的递色; 4 - 线条艺术递色; 5 - 设备进行灰度处理]"
"Win32_VideoController","DriverDate","DateTime","Property","DriverDate 属性指明当前已安装的视频驱动程序的上次修改日期和时间。"
"Win32_VideoController","DriverVersion","String","Property","DriverVersion 属性指明视频驱动程序的版本号。"
"Win32_VideoController","ErrorCleared","Boolean","Property","ErrorCleared 是一个布尔值属性，指明 LastErrorCode 属性中报告的错误现已清除。"
"Win32_VideoController","ErrorDescription","String","Property","ErrorDescription 是一个自由格式字符串，提供有关 LastErrorCode 属性中记录的错误的详细信息，以及有关可以采取的纠正措施的信息。"
"Win32_VideoController","ICMIntent","UInt32","Property","ICMIntent (图像颜色匹配意向)属性指明三种可能的颜色匹配方法(或意向)之一的特定值，默认情况下将使用此值。此属性主要针对非 ICM 应用程序。ICM 应用程序会使用 ICM 函数建立意向。此属性可以使用以下预定义值之一，也可以使用由驱动程序定义的值(大于或等于 256)。值的含义: -1	-	颜色匹配应对色彩饱和度作优化。对于不需要抖动的商业图形，此值是最合适的选择。2	-	颜色匹配应对色彩对比度作优化。对于需要抖动的扫描图像和摄像图像，此值是最合适的选择。3	-	颜色匹配应作优化，以匹配所需的精确颜色。对于需要精确颜色匹配的商业徽标或其他图像，此值最为合适。 [枚举值: 1 - 饱和度; 2 - 对比度; 3 - 精确颜色]"
"Win32_VideoController","ICMMethod","UInt32","Property","ICMMethod (图像颜色匹配方法)属性指定了 ICM 的处理方式。对于非 ICM 应用程序，此属性指示该如何启用 ICM。对于 ICM 应用程序，系统会对此成员进行检查，以确定如何处理 ICM 支持。此属性可以使用以下预定义值之一，也可以使用由驱动程序定义的值（大于或等于 256）。值的含义: -1	-	指定禁用 ICM。2	-	指定由 Windows 负责处理 ICM。3	-	指定由设备驱动程序负责处理 ICM。4	-	指定由目标设备负责处理 ICM。 [枚举值: 1 - 已禁用; 2 - Windows; 3 - 设备驱动程序; 4 - 目标设备]"
"Win32_VideoController","InfFilename","String","Property","InfFilename 属性指明视频适配器的 .INF 文件的路径。 例如: C:\WINNT\SYSTEM32\DRIVERS"
"Win32_VideoController","InfSection","String","Property","InfSection 属性指明 Win32 视频信息在 .INF 文件中所处的节。"
"Win32_VideoController","InstallDate","DateTime","Property","[无描述]"
"Win32_VideoController","InstalledDisplayDrivers","String","Property","InstalledDisplayDrivers 属性指明安装的显示设备驱动程序的名称。"
"Win32_VideoController","LastErrorCode","UInt32","Property","LastErrorCode 捕获由逻辑设备报告的最后一个错误代码。"
"Win32_VideoController","MaxMemorySupported","UInt32","Property","支持的最大内存大小(以字节为单位)。"
"Win32_VideoController","MaxNumberControlled","UInt32","Property","此控制器支持的可直接寻址的实体的最大数目。如果数目未知或没有限制，则可以使用值 0。"
"Win32_VideoController","MaxRefreshRate","UInt32","Property","视频控制器的最大刷新速率(以赫兹为单位)。"
"Win32_VideoController","MinRefreshRate","UInt32","Property","视频控制器的最小刷新速率(以赫兹为单位)。"
"Win32_VideoController","Monochrome","Boolean","Property","Monochrome 属性指明使用灰度还是彩色来显示图像。"
"Win32_VideoController","Name","String","Property","[无描述]"
"Win32_VideoController","NumberOfColorPlanes","UInt16","Property","当前颜色平面的数量。如果这个值不适用于当前视频配置，请输入 0。"
"Win32_VideoController","NumberOfVideoPages","UInt32","Property","当前分辨率和可用内存支持的视频页数。"
"Win32_VideoController","PNPDeviceID","String","Property","指明逻辑设备的 Win32 即插即用设备 ID。例如: *PNP030b"
"Win32_VideoController","PowerManagementCapabilities","UInt16","Property","指明逻辑设备中与电源有关的特定功能。数组值 0=“未知”，1=“不支持”和 2=“已禁用”代表的含义一目了然。值 3=“已启用”表示当前已启用电源管理功能，但是具体的功能集未知或者信息无效。“自动进入节能模式”(4)表示设备可根据用途或其他条件更改其电源状态。“可设置电源状态”(5)表示支持 SetPowerState 方法。“支持电源重启”(6)表示可以通过将 PowerState 输入变量设置为 5 (“电源重启”)来调用 SetPowerState 方法。“支持定时通电”(7)表示可以通过将 PowerState 输入变量设置为 5 (“电源重启”)、Time 参数设置为具体的通电日期和时间或间隔，调用 SetPowerState 方法。"
"Win32_VideoController","PowerManagementSupported","Boolean","Property","布尔值，指明设备是否支持电源管理，即进入节能状态。该布尔值并不表示当前启用了电源管理功能；或者，如果已经启用了电源管理功能，该布尔值也并不表示支持具体的功能。相关信息，请参阅 PowerManagementCapabilities 数组。如果此布尔值为 False，那么在 PowerManagementCapabilities 数组中，整数值为 1 的字符串“不支持”应是仅有的条目。"
"Win32_VideoController","ProtocolSupported","UInt16","Property","控制器访问“控制的”设备时使用的协议。 [枚举值: 1 - 其他; 2 - 未知; 3 - EISA; 4 - ISA; 5 - PCI; 6 - ATA/ATAPI; 7 - 软盘; 8 - 1496; 9 - SCSI 并行接口; 10 - SCSI 光纤通道协议; 11 - SCSI 串行总线协议; 12 - SCSI 串行总线协议 2 (1394); 13 - SCSI 串行存储结构; 14 - VESA; 15 - PCMCIA; 16 - 通用串行总线; 17 - 并行协议; 18 - ESCON; 19 - 诊断; 20 - I2C; 21 - 电源; 22 - HIPPI; 23 - MultiBus; 24 - VME; 25 - IPI; 26 - IEEE-488; 27 - RS232; 28 - IEEE 802.3 10BASE5; 29 - IEEE 802.3 10BASE2; 30 - IEEE 802.3 1BASE5; 31 - IEEE 802.3 10BROAD36; 32 - IEEE 802.3 100BASEVG; 33 - IEEE 802.5 令牌环; 34 - ANSI X3T9.5 FDDI; 35 - MCA; 36 - ESDI; 37 - IDE; 38 - CMD; 39 - ST506; 40 - DSSI; 41 - QIC2; 42 - 增强型 ATA/IDE; 43 - AGP; 44 - TWIRP (双向红外线); 45 - FIR (快速红外线); 46 - SIR (串行红外线); 47 - IrBus]"
"Win32_VideoController","ReservedSystemPaletteEntries","UInt32","Property","ReservedSystemPaletteEntries 属性指明系统颜色表中已保留条目的当前数量。操作系统可以保留相关条目，以支持任务栏以及其他桌面显示项目所需的标准颜色。如果系统未使用调色板，那么 ReservedSystemPaletteEntries 为 NULL。<P>例如: 24"
"Win32_VideoController","SpecificationVersion","UInt32","Property","SpecificationVersion 属性指明初始化数据规范(整个结构即基于此规范)的版本号。"
"Win32_VideoController","Status","String","Property","[无描述]"
"Win32_VideoController","StatusInfo","UInt16","Property","StatusInfo 是一个字符串，指明逻辑设备是处于启用(值 = 3)、禁用(值 = 4)、其他(1)还是未知(2)状态。如果这个属性不适用于逻辑设备，则值应该为 5 (“不适用”)。 [枚举值: 1 - 其他; 2 - 未知; 3 - 已启用; 4 - 已禁用; 5 - 不适用]"
"Win32_VideoController","SystemCreationClassName","String","Property","作用域系统的 CreationClassName。"
"Win32_VideoController","SystemName","String","Property","作用域系统的名称。"
"Win32_VideoController","SystemPaletteEntries","UInt32","Property","SystemPaletteEntries 属性指明系统颜色表中的当前条目数量。如果系统未使用调色板，那么 SystemPaletteEntries 为 NULL。<P>例如: 256"
"Win32_VideoController","TimeOfLastReset","DateTime","Property","TimeOfLastReset 属性指明上一次重置此控制器的日期和时间。这可能意味着控制器已断电或被重新初始化。"
"Win32_VideoController","VideoArchitecture","UInt16","Property","视频体系结构。例如，可以指定 VGA (值=5)或 PC-98 (160)。 [枚举值: 1 - 其他; 2 - 未知; 3 - CGA; 4 - EGA; 5 - VGA; 6 - SVGA; 7 - MDA; 8 - HGC; 9 - MCGA; 10 - 8514A; 11 - XGA; 12 - 线性帧缓冲区; 160 - PC-98]"
"Win32_VideoController","VideoMemoryType","UInt16","Property","一个整数枚举，用于指明视频内存的类型。 [枚举值: 1 - 其他; 2 - 未知; 3 - VRAM; 4 - DRAM; 5 - SRAM; 6 - WRAM; 7 - EDO RAM; 8 - 突发同步 DRAM; 9 - 管道突发 SRAM; 10 - CDRAM; 11 - 3DRAM; 12 - SDRAM; 13 - SGRAM]"
"Win32_VideoController","VideoMode","UInt16","Property","当前视频模式。"
"Win32_VideoController","VideoModeDescription","String","Property","VideoModeDescription 属性指明视频控制器的当前分辨率、颜色和扫描模式设置。 例如: 1024 x 768 x 256 色"
"Win32_VideoController","VideoProcessor","String","Property","一个用于描述视频处理器/控制器的自由格式字符串。"
"Win32_VideoController","SetPowerState","Method","Method","SetPowerState 定义了逻辑设备所需的电源状态，并且定义了应当将设备置于此状态的时间。通过将 PowerState 参数设置为下列某个整数值，可以指定需要的电源状态: 1=“全功率”，2=“节能 - 低功耗模式”，3=“节能 - 待机”，4=“节能 - 其他”，5=“电源重启”或 6=“关闭电源”。Time 参数(适用于除了 5“电源重启”以外的其他所有状态更改)表示何时应将电源状态设置为常规日期-时间值或设置为间隔值(其中，间隔的起始时间为收到方法调用的时间)。当 PowerState 参数等于 5“电源重启”时，Time 参数表示应当再次开启设备电源的时间，关闭电源是立即执行的。如果成功，SetPowerState 应返回 0；如果指定的电源状态和时间请求不受支持，则返回 1；如果出现其他错误，则返回另外的值。在子类中，通过该方法上的 ValueMap 限定符，可以指定可能的返回代码集。还可以将“翻译”ValueMap 内容所得的字符串指定为子类中的 Values 数组限定符。"
"Win32_VideoController","Reset","Method","Method","请求重置逻辑设备。如果请求被成功执行，则返回的值应当为 0；如果请求不受支持，则返回 1；如果出现错误，则返回其他值。"
"Msvm_ComputerSystem","AvailableRequestedStates","UInt16","Property","[无描述]"
"Msvm_ComputerSystem","Caption","String","Property","[无描述]"
"Msvm_ComputerSystem","CommunicationStatus","UInt16","Property","[无描述]"
"Msvm_ComputerSystem","CreationClassName","String","Property","[无描述]"
"Msvm_ComputerSystem","Dedicated","UInt16","Property","[无描述]"
"Msvm_ComputerSystem","Description","String","Property","[无描述]"
"Msvm_ComputerSystem","DetailedStatus","UInt16","Property","[无描述]"
"Msvm_ComputerSystem","ElementName","String","Property","[无描述]"
"Msvm_ComputerSystem","EnabledDefault","UInt16","Property","[无描述]"
"Msvm_ComputerSystem","EnabledState","UInt16","Property","[无描述]"
"Msvm_ComputerSystem","EnhancedSessionModeState","UInt16","Property","Indicates whether or not enhanced mode connections are allowed by the host and if allowed, whether or not they are available to the virtual machine. [枚举值: 2 - Allowed and available; 3 - Not allowed; 6 - Allowed but not available]"
"Msvm_ComputerSystem","FailedOverReplicationType","UInt16","Property","Type of failover that was performed for the virtual machine. [枚举值: 0 - None; 1 - Regular; 2 - Application consistent; 3 - Planned]"
"Msvm_ComputerSystem","HealthState","UInt16","Property","[无描述]"
"Msvm_ComputerSystem","HwThreadsPerCoreRealized","UInt32","Property","Indicates the number of SMT threads per core reported to the guest.  This reporting is independent of whether the hardware for SMT is present."
"Msvm_ComputerSystem","IdentifyingDescriptions","String","Property","[无描述]"
"Msvm_ComputerSystem","InstallDate","DateTime","Property","[无描述]"
"Msvm_ComputerSystem","InstanceID","String","Property","[无描述]"
"Msvm_ComputerSystem","LastApplicationConsistentReplicationTime","DateTime","Property","The time at which the last application consistent replication is received on recovery for the virtual machine."
"Msvm_ComputerSystem","LastReplicationTime","DateTime","Property","The time at which the last replication is received on recovery for the virtual machine."
"Msvm_ComputerSystem","LastReplicationType","UInt16","Property","Type of the last replication that was received for the virtual machine. [枚举值: 0 - None; 1 - Regular; 2 - Application consistent; 3 - Planned]"
"Msvm_ComputerSystem","LastSuccessfulBackupTime","DateTime","Property","The time at which the last successful backup has completed for the virtual machine."
"Msvm_ComputerSystem","ManagementVtlImageFileName","String","Property","The file that provides the management VTL image in use by the virtual machine, if available."
"Msvm_ComputerSystem","ManagementVtlImageVersion","String","Property","The four-part version of the management VTL image in use by the virtual machine, if available."
"Msvm_ComputerSystem","Name","String","Property","[无描述]"
"Msvm_ComputerSystem","NameFormat","String","Property","[无描述]"
"Msvm_ComputerSystem","NumberOfNumaNodes","UInt16","Property","The number of non-uniform memory access (NUMA) nodes of the computer system. When Msvm_ComputerSystem represents the hosting computer system, this property contains the count of physical NUMA nodes. When Msvm_ComputerSystem represents a virtual computer system, this property contains the number of virtual NUMA nodes that are presented to the guest OS through the ACPI System Resource Affinity Table (SRAT)."
"Msvm_ComputerSystem","OnTimeInMilliseconds","UInt64","Property","For the virtual system, this property describes the total up time, in milliseconds, since the machine was last turned on, reset, or restored. This time excludes the time the virtual system was in the paused state. For the host system, this property is set to NULL."
"Msvm_ComputerSystem","OperatingStatus","UInt16","Property","[无描述]"
"Msvm_ComputerSystem","OperationalStatus","UInt16","Property","[无描述]"
"Msvm_ComputerSystem","OtherDedicatedDescriptions","String","Property","[无描述]"
"Msvm_ComputerSystem","OtherEnabledState","String","Property","[无描述]"
"Msvm_ComputerSystem","OtherIdentifyingInfo","String","Property","[无描述]"
"Msvm_ComputerSystem","PowerManagementCapabilities","UInt16","Property","[无描述]"
"Msvm_ComputerSystem","PrimaryOwnerContact","String","Property","[无描述]"
"Msvm_ComputerSystem","PrimaryOwnerName","String","Property","[无描述]"
"Msvm_ComputerSystem","PrimaryStatus","UInt16","Property","[无描述]"
"Msvm_ComputerSystem","ProcessID","UInt32","Property","The identifier of the process under which this virtual machine is running. This value can be used to uniquely identify the instance of Vmwp.exe on the system that is running the virtual machine."
"Msvm_ComputerSystem","ReplicationHealth","UInt16","Property","Replication health for the virtual machine. [枚举值: 0 - Not applicable; 1 - Ok; 2 - Warning; 3 - Critical]"
"Msvm_ComputerSystem","ReplicationMode","UInt16","Property","Identifies replication type for the virtual machine. [枚举值: 0 - None; 1 - Primary; 2 - Replica; 3 - Test Replica; 4 - Extended Replica]"
"Msvm_ComputerSystem","ReplicationState","UInt16","Property","Replication state for the virtual machine. [枚举值: 0 - Disabled; 1 - Ready for replication; 2 - Waiting to complete initial replication; 3 - Replicating; 4 - Synced replication complete; 5 - Recovered; 6 - Committed; 7 - Suspended; 8 - Critical; 9 - Waiting to start resynchronization; 10 - Resynchronizing; 11 - Resynchronization suspended; 12 - Failover in progress; 13 - Failback in progress; 14 - Failback complete]"
"Msvm_ComputerSystem","RequestedState","UInt16","Property","[无描述]"
"Msvm_ComputerSystem","ResetCapability","UInt16","Property","[无描述]"
"Msvm_ComputerSystem","Roles","String","Property","[无描述]"
"Msvm_ComputerSystem","Status","String","Property","[无描述]"
"Msvm_ComputerSystem","StatusDescriptions","String","Property","[无描述]"
"Msvm_ComputerSystem","TimeOfLastConfigurationChange","DateTime","Property","The date and time when the virtual machine configuration file was last modified. The configuration file is modified during certain virtual machine operations, as well as when any of the virtual machine or device settings are added, modified, or removed."
"Msvm_ComputerSystem","TimeOfLastStateChange","DateTime","Property","[无描述]"
"Msvm_ComputerSystem","TransitioningToState","UInt16","Property","[无描述]"
"Msvm_ComputerSystem","RequestStateChange","Method","Method","[无描述]"
"Msvm_ComputerSystem","SetPowerState","Method","Method","[无描述]"
"Msvm_ComputerSystem","RequestReplicationStateChange","Method","Method","Requests that the state of the replication be changed to the value specified in the RequestedState parameter."
"Msvm_ComputerSystem","InjectNonMaskableInterrupt","Method","Method","[无描述]"
"Msvm_ComputerSystem","InjectNonMaskableInterruptEx","Method","Method","[无描述]"
"Msvm_ComputerSystem","RequestReplicationStateChangeEx","Method","Method","Requests that the state of the extended replication be changed to the value specified in the RequestedState parameter."
"Msvm_ComputerSystem","RequestCustomRestore","Method","Method","Requests customized restore state change on the VM."
"Msvm_VirtualSystemSettingData","AdditionalRecoveryInformation","String","Property","Any additional information provided to the recovery action. The meaning of this property is defined by the action in AutomaticRecoveryAction. If AutomaticRecoveryAction is 0 (""None"") or 1 (""Restart""), this value is NULL. If AutomaticRecoveryAction is 2 (""Revert to Snapshot""), this is the object path to a snapshot that should be applied on failure of the virtual machine worker process. This is a read-only property, but it can be changed using the ModifyVirtualSystem method of the Msvm_VirtualSystemManagementService class."
"Msvm_VirtualSystemSettingData","AllowFullSCSICommandSet","Boolean","Property","Indicates whether SCSI commands from the guest operating system are passed to pass-through disks. If TRUE, SCSI commands emitted by the guest operating system to pass-through disks are not filtered.It is recommended that SCSI filtering remains enabled for production deployments. This is a read-only property, but it can be changed using the ModifyVirtualSystem method of the Msvm_VirtualSystemManagementService class. Windows Server 2008:  The AllowFullSCSICommandSet property is not supported."
"Msvm_VirtualSystemSettingData","AllowReducedFcRedundancy","Boolean","Property","Indicates whether live migration of a virtual machine that is configured with a virtual FC adapter is allowed to a destination machine, without doing any checks for the existence of paths to the storage devices on the destination  The default value of this property is FALSE. If set to TRUE, the VM can be live migrated to a target machine which may have no or reduced paths to the target FC devices. The guest operating system may lose connectivity to storage and may behave in an unpredictable manner.   This property should be cleared after a live migration"
"Msvm_VirtualSystemSettingData","Architecture","String","Property","The architecture of this system."
"Msvm_VirtualSystemSettingData","AutomaticCriticalErrorAction","UInt16","Property","Identifies the action to be taken on VM, when a critical error happens, like storage disconnect.The value of 1, causes the VM to be paused and automatically resumed when the critical error condition is resolved. This behavior can be overridden by setting the value to 0 upon which no specific action will be taken for critical error conditions. [枚举值: 0 - None; 1 - Pause Resume]"
"Msvm_VirtualSystemSettingData","AutomaticCriticalErrorActionTimeout","DateTime","Property","Identifies the maximum duration for which the AutomaticCriticalErrorAction will be performed to resolve the critical error. This is applicable only when the value of the AutomaticCriticalErrorAction property is not 0 (None). Once the timeout expires, the VM will be powered off.The value will be rounded up to the nearest minute. A value of 0 implies that the VM should be powered off immediately when it encounters a critical error condition."
"Msvm_VirtualSystemSettingData","AutomaticRecoveryAction","UInt16","Property","[无描述]"
"Msvm_VirtualSystemSettingData","AutomaticShutdownAction","UInt16","Property","[无描述]"
"Msvm_VirtualSystemSettingData","AutomaticSnapshotsEnabled","Boolean","Property","Indicates whether this virtual machine should have automatic snapshots enabled."
"Msvm_VirtualSystemSettingData","AutomaticStartupAction","UInt16","Property","[无描述]"
"Msvm_VirtualSystemSettingData","AutomaticStartupActionDelay","DateTime","Property","[无描述]"
"Msvm_VirtualSystemSettingData","AutomaticStartupActionSequenceNumber","UInt16","Property","[无描述]"
"Msvm_VirtualSystemSettingData","BaseBoardSerialNumber","String","Property","The serial number of the base board for the virtual computer system. This is a read-only property, but it can be changed using the ModifyVirtualSystem method of the Msvm_VirtualSystemManagementService class."
"Msvm_VirtualSystemSettingData","BIOSGUID","String","Property","The globally-unique identifier for the BIOS of the virtual computer system. This is a read-only property, but it can be changed using the ModifyVirtualSystem method of the Msvm_VirtualSystemManagementService class."
"Msvm_VirtualSystemSettingData","BIOSNumLock","Boolean","Property","This property is set to TRUE if the num lock key is set to on by the BIOS, FALSE if the num lock key is set to off by the BIOS. This is a read-only property, but it can be changed using the ModifyVirtualSystem method of the Msvm_VirtualSystemManagementService class."
"Msvm_VirtualSystemSettingData","BIOSSerialNumber","String","Property","The serial number of the BIOS for the virtual computer system. This is a read-only property, but it can be changed using the ModifyVirtualSystem method of the Msvm_VirtualSystemManagementService class."
"Msvm_VirtualSystemSettingData","BootOrder","UInt16","Property","The boot order set within the BIOS of the virtual computer system. This property is an array of values, max length 4, where each value indicates a device to boot from. The virtual computer system will first attempt to boot from the device indicated by the first value within the array. If that device does not contain a boot sector, the virtual computer system will attempt to boot from the next device specified by the BootOrder property and so on. If no device specified within the BootOrder contains a boot sector the virtual computer system will fail to boot. The default value for a virtual computer system is [0, 1, 2, 3, 4]. Value definitions: 0 (Floppy): The virtual computer system will attempt to boot from the floppy disk within the floppy drive. 1 (CD-ROM): The virtual computer system will attempt to boot from the first CD or DVD disk found with a boot sector. 2 (IDE Hard Drive): The virtual computer system will attempt to boot from the first hard drive found attached to an IDE controller with a boot sector. 3 (PXE Boot): The virtual computer system will attempt to PXE boot from the network. 4 (SCSI Hard Drive): The virtual computer system will attempt to boot from the first hard drive found attached to a SCSI controller with a boot sector. 5-65535: Reserved This is a read-only property, but it can be changed using the ModifyVirtualSystem method of the Msvm_VirtualSystemManagementService class. [枚举值: 0 - Floppy; 1 - CD-ROM; 2 - IDE Hard Drive; 3 - PXE Boot; 4 - SCSI Hard Drive; 5..65535 - Reserved]"
"Msvm_VirtualSystemSettingData","BootPciExpress","Boolean","Property","If set to true, the virtual system will attempt to boot from virtual PCI Express devices if no successful boot source entry is found."
"Msvm_VirtualSystemSettingData","BootPciExpressInstanceFilter","String","Property","If set, the device instance GUID of the root virtual PCI Express controller to boot devices from."
"Msvm_VirtualSystemSettingData","BootSourceOrder","String","Property","Contains references to the boot source entries of this virtual computer system. This property is an array of strings, where each string is a full path to a Msvm_BootSourceSettingData instance indicating a device, file, or other boot source to boot from."
"Msvm_VirtualSystemSettingData","Caption","String","Property","[无描述]"
"Msvm_VirtualSystemSettingData","ChassisAssetTag","String","Property","The asset tag of the chassis for the virtual computer system. This is a read-only property, but it can be changed using the ModifyVirtualSystem method of the Msvm_VirtualSystemManagementService class."
"Msvm_VirtualSystemSettingData","ChassisSerialNumber","String","Property","The serial number of the chassis for the virtual computer system. This is a read-only property, but it can be changed using the ModifyVirtualSystem method of the Msvm_VirtualSystemManagementService class."
"Msvm_VirtualSystemSettingData","ClusterWideNodeCapabilitiesValidationMode","UInt16","Property","Indicates if the validation logic to check if features are supported cluster wide needs to be overridden or not. [枚举值: 0 - Default; 1 - Override]"
"Msvm_VirtualSystemSettingData","ConfigurationDataRoot","String","Property","[无描述]"
"Msvm_VirtualSystemSettingData","ConfigurationFile","String","Property","[无描述]"
"Msvm_VirtualSystemSettingData","ConfigurationID","String","Property","[无描述]"
"Msvm_VirtualSystemSettingData","ConsoleMode","UInt16","Property","Identifies the Console Mode for the VM [枚举值: 0 - Default; 1 - COM1; 2 - COM2; 3 - None]"
"Msvm_VirtualSystemSettingData","CreationTime","DateTime","Property","[无描述]"
"Msvm_VirtualSystemSettingData","DebugChannelId","UInt32","Property","The channel identifier used to debug the virtual system using the VUD unified debugger."
"Msvm_VirtualSystemSettingData","DebugPort","UInt32","Property","The tcpip port used to debug the virtual system using synthetic debugging."
"Msvm_VirtualSystemSettingData","DebugPortEnabled","UInt16","Property","Whether the virtual system is using synthetic debugging. [枚举值: 0 -  Off; 1 - On; 2 - OnAutoAssigned]"
"Msvm_VirtualSystemSettingData","Description","String","Property","[无描述]"
"Msvm_VirtualSystemSettingData","ElementName","String","Property","[无描述]"
"Msvm_VirtualSystemSettingData","EnableHibernation","Boolean","Property","This property is set to TRUE if hibernate (S4) is enabled by the BIOS, FALSE if hibernate is disabled. This is a read-only property, but it can be changed using the ModifyVirtualSystem method of the Msvm_VirtualSystemManagementService class."
"Msvm_VirtualSystemSettingData","EnhancedSessionTransportType","UInt16","Property","Indicates the transport type to use when connecting to an enhanced session. [枚举值: 0 - VMBus Pipe; 1 - Hyper-V Socket]"
"Msvm_VirtualSystemSettingData","FirmwareFile","String","Property","Firmware file."
"Msvm_VirtualSystemSettingData","FirmwareParameters","UInt8","Property","Parameters provided to the firmware file."
"Msvm_VirtualSystemSettingData","GuestControlledCacheTypes","Boolean","Property","Indicates whether the guest can control cache types."
"Msvm_VirtualSystemSettingData","GuestFeatureSet","UInt64","Property","Flags to modify guest-visible behaviors"
"Msvm_VirtualSystemSettingData","GuestStateDataRoot","String","Property","Filepath of a directory where information about the guest runtime state is stored."
"Msvm_VirtualSystemSettingData","GuestStateFile","String","Property","Filepath of a file where information about the guest runtime state is stored. A relative path appends to the value of the GuestStateDataRoot property."
"Msvm_VirtualSystemSettingData","GuestStateIsolationEnabled","Boolean","Property","Indicates whether the virtual system should have guest state isolation enabled."
"Msvm_VirtualSystemSettingData","GuestStateIsolationMode","UInt16","Property","Indicates the isolation mode of the virtual system. [枚举值: 0 - Default; 1 - NoPersistentSecrets; 2 - NoManagementVtl]"
"Msvm_VirtualSystemSettingData","GuestStateIsolationType","UInt16","Property","Indicates the isolation type of the virtual system. [枚举值: 0 - Trusted Launch; 1 - Reserved; 2 - SEV-SNP; 3 - Reserved; 16 - Reserved; 18 - Reserved; 19 - Reserved]"
"Msvm_VirtualSystemSettingData","HighMmioGapBase","UInt64","Property","The base address of the High (above 4GB) Memory-Mapped IO Gap in MB"
"Msvm_VirtualSystemSettingData","HighMmioGapSize","UInt64","Property","The size of the High (above 4GB) Memory-Mapped IO Gap in MB"
"Msvm_VirtualSystemSettingData","IncrementalBackupEnabled","Boolean","Property","Indicates whether the Hyper-V VSS writer supports taking incremental backup of this Virtual machine. This is a read-write property."
"Msvm_VirtualSystemSettingData","InstanceID","String","Property","[无描述]"
"Msvm_VirtualSystemSettingData","IsAutomaticSnapshot","Boolean","Property","Indicates whether this is a snapshot created automatically for the user."
"Msvm_VirtualSystemSettingData","IsSaved","Boolean","Property","This property is set to TRUE if the configuration has a reference to a saved state file, FALSE if not. Note that this does not indicate the presence of such a file, only that the configuration specifies one. This is a read-only property, it cannot be changed."
"Msvm_VirtualSystemSettingData","LockOnDisconnect","Boolean","Property","Lock the console when disconnecting from vmconnect."
"Msvm_VirtualSystemSettingData","LogDataRoot","String","Property","[无描述]"
"Msvm_VirtualSystemSettingData","LowMmioGapSize","UInt64","Property","The size of the Low (below 4GB) Memory-Mapped IO Gap in MB"
"Msvm_VirtualSystemSettingData","ManagementVtlUpdatePolicy","UInt16","Property","The policy for performing updates of the management VTL of this virtual machine.  OfflineOnly: Do not reload the management VTL while running. Updates will be applied on next restart. [枚举值: 0 - Default; 1 - OfflineOnly; 2..65535 - Reserved]"
"Msvm_VirtualSystemSettingData","MemoryHostingJobObjectName","String","Property","Name of the job object to start the VM memory process in."
"Msvm_VirtualSystemSettingData","NetworkBootPreferredProtocol","UInt16","Property","Identifies the IP protocol used for network boot. [枚举值: 4096 - IPv4; 4097 - IPv6]"
"Msvm_VirtualSystemSettingData","Notes","String","Property","[无描述]"
"Msvm_VirtualSystemSettingData","NumaNodeTopologyArray","String","Property","An array of embedded Msvm_NumaNodeTopology instances which contains NUMA node topology for each NUMA node."
"Msvm_VirtualSystemSettingData","Parent","String","Property","The object path for the snapshot Msvm_VirtualSystemSettingData from which this object is based. This property will be NULL if this object is not based off a snapshot."
"Msvm_VirtualSystemSettingData","PauseAfterBootFailure","Boolean","Property","Pause after boot failure setting for the VM"
"Msvm_VirtualSystemSettingData","RecoveryFile","String","Property","[无描述]"
"Msvm_VirtualSystemSettingData","SecureBootEnabled","Boolean","Property","Secure boot enabled setting for the VM"
"Msvm_VirtualSystemSettingData","SecureBootTemplateId","String","Property","The globally-unique identifier of the template of intial values of UEFI Secure Boot related variables. This is a read-only property, but it can be changed using the ModifyVirtualSystem method of the Msvm_VirtualSystemManagementService class."
"Msvm_VirtualSystemSettingData","SnapshotDataRoot","String","Property","[无描述]"
"Msvm_VirtualSystemSettingData","SourceGuestStateFile","String","Property","Filepath to a source file that will be copied and used as the guest runtime state."
"Msvm_VirtualSystemSettingData","SuspendDataRoot","String","Property","[无描述]"
"Msvm_VirtualSystemSettingData","SwapFileDataRoot","String","Property","[无描述]"
"Msvm_VirtualSystemSettingData","TurnOffOnGuestRestart","Boolean","Property","Turn off the VM instead of restarting the VM if the guest operating system initiated a restart."
"Msvm_VirtualSystemSettingData","UserSnapshotType","UInt16","Property","Indicates the user-defined snapshot type.  Disable: Disable the creation of any snapshot.  ProductionFallbackToTest: Data-consistent snapshot for use in the production environment.Performs a snapshot with application state when the ability to create data consistent snapshot is not available.  ProductionNoFallback: Data-consistent snapshot for use in the production environment.Does not create a snapshot with application state if it is not possible to create a data consistent snapshot.  Test: Snapshot that contains memory and device information for test and development purpose. [枚举值: 2 - Disable; 3 - ProductionFallbackToTest; 4 - ProductionNoFallback; 5 - Test]"
"Msvm_VirtualSystemSettingData","Version","String","Property","The version of the virtual system in a format of ""major.minor"", for example ""2.0"". Windows Server 2008:  The Version property is not supported."
"Msvm_VirtualSystemSettingData","VirtualNumaEnabled","Boolean","Property","Indicates whether virtual non-uniform memory access (NUMA) nodes are projected into the virtual machine. If FALSE, the virtual machine will have a single node. If TRUE, the number of virtual NUMA nodes projected into the virtual machine is determined from the values of the Msvm_ProcessorSettingData.MaxProcessorsPerNumaNode and Msvm_MemorySettingData.MaxMemoryBlocksPerNumaNode properties."
"Msvm_VirtualSystemSettingData","VirtualSlitType","UInt16","Property","Indicates whether the virtual system should have virtual SLIT enabled and the type of measurements used to generate the virtual SLIT. [枚举值: 0 - None; 1 - Firmware; 2 - Measured; 3 - FirmwareFallbackMeasured]"
"Msvm_VirtualSystemSettingData","VirtualSystemIdentifier","String","Property","The name of the CIM_ComputerSystem to which this setting data belongs"
"Msvm_VirtualSystemSettingData","VirtualSystemSubType","String","Property","The subtype of the virtual system."
"Msvm_VirtualSystemSettingData","VirtualSystemType","String","Property","[无描述]"
"Msvm_VirtualSystemSettingData","VMBusMessageRedirection","UInt16","Property","Indicates whether to redirect VMBus control plane messages. [枚举值: 0 - None; 1 - RedirectToVtl2]"
"Msvm_VirtualSystemSettingData","Vtl2AddressRangeBase","UInt64","Property","The base address of the VTL2 address space range in MB"
"Msvm_VirtualSystemSettingData","Vtl2AddressRangeSize","UInt64","Property","The size of the VTL2 address space range in MB"
"Msvm_VirtualSystemSettingData","Vtl2AddressSpaceConfigurationMode","UInt16","Property","Indicates VTL2 address space configuration mode. [枚举值: 0 - Default; 1 - ConfigurableSizePlacement; 2 - ExplicitPlacement]"
"Msvm_VirtualSystemSettingData","Vtl2MmioAddressRangeSize","UInt64","Property","The size of the VTL2 Memory-Mapped IO address  space range in MB"
"Msvm_VirtualSystemSettingData","WatchdogEnabled","Boolean","Property","Indicates if the virtual system should expose an emulated hardware watchdog."
"Msvm_VirtualSystemSettingData","WorkerJobObjectName","String","Property","Name of the job object to start the VM worker process in."
"Msvm_ProcessorSettingData","Address","String","Property","[无描述]"
"Msvm_ProcessorSettingData","AddressOnParent","String","Property","[无描述]"
"Msvm_ProcessorSettingData","AllocationUnits","String","Property","[无描述]"
"Msvm_ProcessorSettingData","AllowACountMCount","Boolean","Property","Indicates whether Hyper-V should allow the VM to access ACOUNT/MCOUNT MSRs for CPU performance monitoring."
"Msvm_ProcessorSettingData","ApicMode","UInt8","Property","Indicates the APIC mode for the VM [枚举值: 0 - Default; 1 - Legacy; 2 - x2Apic; 3 - Apic]"
"Msvm_ProcessorSettingData","AutomaticAllocation","Boolean","Property","[无描述]"
"Msvm_ProcessorSettingData","AutomaticDeallocation","Boolean","Property","[无描述]"
"Msvm_ProcessorSettingData","Caption","String","Property","[无描述]"
"Msvm_ProcessorSettingData","Connection","String","Property","[无描述]"
"Msvm_ProcessorSettingData","ConsumerVisibility","UInt16","Property","[无描述]"
"Msvm_ProcessorSettingData","CpuBrandString","String","Property","Provides a custom CPU brand string to expose to the VM. If this field is notset, the VM will see the original hardware value at boot."
"Msvm_ProcessorSettingData","CpuGroupId","String","Property","The Cpu Group Id this VM is bound to. When value is 0 it means is not bound to a specificcpu group."
"Msvm_ProcessorSettingData","Description","String","Property","[无描述]"
"Msvm_ProcessorSettingData","DisableSpeculationControls","Boolean","Property","Indicates whether the protections for speculative execution should be disabled for the virtual processors."
"Msvm_ProcessorSettingData","ElementName","String","Property","[无描述]"
"Msvm_ProcessorSettingData","EnableHierarchicalVirtualization","Boolean","Property","Indicates whether Hyper-V should enable hierarchical virtualization for the VM."
"Msvm_ProcessorSettingData","EnableHostResourceProtection","Boolean","Property","Indicates whether the VM should enable features that increase the protection of host  resources from workload running in the VM."
"Msvm_ProcessorSettingData","EnableLegacyApicMode","Boolean","Property","Deprecated."
"Msvm_ProcessorSettingData","EnablePageShattering","UInt8","Property","Indicates whether Hyper-V should enable page shattering for the VM [枚举值: 0 - Default; 1 - AlwaysEnabled; 2 - AlwaysDisabled]"
"Msvm_ProcessorSettingData","EnablePerfmonArchPmu","Boolean","Property","Indicates whether Hyper-V should expose virtualized architectural PMU (Performance Monitoring Unit) facilities to the VM."
"Msvm_ProcessorSettingData","EnablePerfmonIpt","Boolean","Property","Indicates whether Hyper-V should expose virtualized IPT (Intel Processor Trace) facilities to the VM."
"Msvm_ProcessorSettingData","EnablePerfmonLbr","Boolean","Property","Indicates whether Hyper-V should expose virtualized LBR (Last Branch Record) facilities to the VM."
"Msvm_ProcessorSettingData","EnablePerfmonPebs","Boolean","Property","Indicates whether Hyper-V should expose virtualized PEBS (Processor Event-Based Sampling) facilities to the VM."
"Msvm_ProcessorSettingData","EnablePerfmonPmu","Boolean","Property","Indicates whether Hyper-V should expose virtualized PMU (Performance Monitoring Unit) facilities to the VM."
"Msvm_ProcessorSettingData","EnableSocketTopology","Boolean","Property","Enable socket topology mapping when placing a VM on the host."
"Msvm_ProcessorSettingData","EnlightenmentSet","String","Property","Indicates the Enlightenment set exposed to the operating system."
"Msvm_ProcessorSettingData","ExposeVirtualizationExtensions","Boolean","Property","Indicates whether Hyper-V should expose virtualized hardware virtualization extensionsto the VM."
"Msvm_ProcessorSettingData","ExtendedVirtualizationExtensions","UInt32","Property","Specifies the set of additional virtualization extensions that should be exposed to the VM. [枚举值: 1 - HardwareIsolation]"
"Msvm_ProcessorSettingData","HideHypervisorPresent","Boolean","Property","Indicates whether Hyper-V should report that a hypervisor is present to the nested guest"
"Msvm_ProcessorSettingData","HostResource","String","Property","[无描述]"
"Msvm_ProcessorSettingData","HwThreadsPerCore","UInt64","Property","Indicates the number of SMT threads per core reported to the guest.  This reporting is independent of whether the hardware for SMT is present."
"Msvm_ProcessorSettingData","InstanceID","String","Property","[无描述]"
"Msvm_ProcessorSettingData","L3CacheWays","UInt32","Property","Provides the number of L3 cache ways to report for a VM. This field cannot be adjusted after VM start, and may not be obeyed depending on host capabilities."
"Msvm_ProcessorSettingData","L3ProcessorDistributionPolicy","UInt8","Property","Indicate how Hyper-V distributes processors at the L3 level.This field cannot be adjusted after VM start. [枚举值: 0 - SmallToLarge (Default); 1 - LargeToSmall; 2 - EvenSmallToLarge; 3 - EvenLargeToSmall]"
"Msvm_ProcessorSettingData","Limit","UInt64","Property","[无描述]"
"Msvm_ProcessorSettingData","LimitCPUID","Boolean","Property","Indicates whether the virtual machine should lower the CPU identifier. Some older operating systems may require you to limit processor functionality in this way in order to run."
"Msvm_ProcessorSettingData","LimitProcessorFeatures","Boolean","Property","Indicates whether the VM should limit the CPU features exposed to the operating system. Limiting the processor features enables the VM to be migrated to different host computer systems with different processors. Migrating VMs between computers with processors from different vendors is not supported."
"Msvm_ProcessorSettingData","LimitProcessorFeaturesMode","UInt8","Property","Indicates the type of the CPU feature set that is applied when LimitProcessorFeaturesis enabled. DefaultMinimumFeatures applies a fixed minimum feature set to the VM,ClusterNodeCommonFeatures applies a dynamically calculated feature set based on thecapabilities of the nodes in a Failover Cluster. [枚举值: 0 - DefaultMinimumFeatures; 1 - ClusterNodeCommonFeatures]"
"Msvm_ProcessorSettingData","MappingBehavior","UInt16","Property","[无描述]"
"Msvm_ProcessorSettingData","MaxClusterCountPerSocket","UInt32","Property","Maximum number of clusters in a socket. This field cannot be adjusted after VM start."
"Msvm_ProcessorSettingData","MaxHierarchicalPartitions","UInt32","Property","Maximum number of child partitions that a hierarchical virtualization partition can create."
"Msvm_ProcessorSettingData","MaxHierarchicalVps","UInt32","Property","Maximum number of child vps that a hierarchical virtualization partition can create."
"Msvm_ProcessorSettingData","MaxHwIsolatedGuests","UInt32","Property","Maximum number of hardware isolated guests that the VM may run simulatenously."
"Msvm_ProcessorSettingData","MaxNumaNodesPerSocket","UInt64","Property","The maximum number of NUMA nodes that can be observed within the VM as belonging to a single processor socket."
"Msvm_ProcessorSettingData","MaxProcessorCountPerL3","UInt32","Property","Maximum number of processors sharing L3 cache. This field cannot be adjusted after VM start."
"Msvm_ProcessorSettingData","MaxProcessorsPerNumaNode","UInt64","Property","The maximum number of virtual processors that can be observed within the VM as belonging to a single virtual NUMA node."
"Msvm_ProcessorSettingData","OtherResourceType","String","Property","[无描述]"
"Msvm_ProcessorSettingData","Parent","String","Property","[无描述]"
"Msvm_ProcessorSettingData","PartitionDiagnosticBufferCount","UInt32","Property","The number of hypervisor tracing buffers that a hierarchical virtualization partition uses."
"Msvm_ProcessorSettingData","PartitionDiagnosticBufferSizeInPages","UInt32","Property","The size, in pages, of each hypervisor tracing buffer that a hierarchical virtualization partition uses."
"Msvm_ProcessorSettingData","PerfCpuFreqCapMhz","UInt32","Property","Provides the target maximum CPU frequency for a VM. This field cannot be adjusted after VM start, and may not be obeyed depending on host capabilities."
"Msvm_ProcessorSettingData","PhysicalAddressWidth","UInt32","Property","The physical address width for the VM."
"Msvm_ProcessorSettingData","PoolID","String","Property","[无描述]"
"Msvm_ProcessorSettingData","ProcessorFeatureSet","String","Property","Indicates the CPU feature set exposed to the operating system."
"Msvm_ProcessorSettingData","Reservation","UInt64","Property","[无描述]"
"Msvm_ProcessorSettingData","ResourceSubType","String","Property","[无描述]"
"Msvm_ProcessorSettingData","ResourceType","UInt16","Property","[无描述]"
"Msvm_ProcessorSettingData","VirtualQuantity","UInt64","Property","[无描述]"
"Msvm_ProcessorSettingData","VirtualQuantityUnits","String","Property","[无描述]"
"Msvm_ProcessorSettingData","Weight","UInt32","Property","[无描述]"
"Msvm_MemorySettingData","Address","String","Property","[无描述]"
"Msvm_MemorySettingData","AddressOnParent","String","Property","[无描述]"
"Msvm_MemorySettingData","AllocationUnits","String","Property","[无描述]"
"Msvm_MemorySettingData","AutomaticAllocation","Boolean","Property","[无描述]"
"Msvm_MemorySettingData","AutomaticDeallocation","Boolean","Property","[无描述]"
"Msvm_MemorySettingData","BackingPageSize","UInt8","Property","Indicates the memory backing size for the VM. Supersedes HugePagesEnabled. [枚举值: 0 - Small; 1 - Large; 2 - Huge]"
"Msvm_MemorySettingData","BackingType","UInt8","Property","Indicates the memory backing type for the VM. [枚举值: 0 - Physical; 1 - Virtual; 2 - Hybrid]"
"Msvm_MemorySettingData","Caption","String","Property","[无描述]"
"Msvm_MemorySettingData","Connection","String","Property","[无描述]"
"Msvm_MemorySettingData","ConsumerVisibility","UInt16","Property","[无描述]"
"Msvm_MemorySettingData","Description","String","Property","[无描述]"
"Msvm_MemorySettingData","DynamicMemoryEnabled","Boolean","Property","Indicates if dynamic memory is enabled."
"Msvm_MemorySettingData","ElementName","String","Property","[无描述]"
"Msvm_MemorySettingData","EnableColdHint","Boolean","Property","Indicates if cold hints are enabled."
"Msvm_MemorySettingData","EnableEpf","Boolean","Property","Indicates if enlightened page faults are enabled."
"Msvm_MemorySettingData","EnableHotHint","Boolean","Property","Indicates if hot hints are enabled."
"Msvm_MemorySettingData","EnablePrivateCompressionStore","Boolean","Property","Indicates if the VM should have a private compression store."
"Msvm_MemorySettingData","HostResource","String","Property","[无描述]"
"Msvm_MemorySettingData","HugePagesEnabled","Boolean","Property","Indicates if huge pages are enabled."
"Msvm_MemorySettingData","InstanceID","String","Property","[无描述]"
"Msvm_MemorySettingData","IsVirtualized","Boolean","Property","Indicates whether this device is virtualized or passed through, possibly using partitioning. When set to False, the underlying or host resource is utilized. At least one item shall be present in the DeviceID property. When set to True, the resource is virtualized and may not map directly to an underlying/host resource. Some implementations may support specific assignment for virtualized resources, in which case the host resource(s) are exposed using the DeviceID property. This property is always set to True."
"Msvm_MemorySettingData","Limit","UInt64","Property","[无描述]"
"Msvm_MemorySettingData","MappingBehavior","UInt16","Property","[无描述]"
"Msvm_MemorySettingData","MaxMemoryBlocksPerNumaNode","UInt64","Property","The maximum amount of memory that can be observed within the VM as belonging to a single NUMA node."
"Msvm_MemorySettingData","MemoryAccessTrackingPolicy","UInt8","Property","Indicates the memory encryption policy [枚举值: 0 - GranularityBest; 1 - Granularity4KB; 2 - Granularity2MB; 3 - Granularity1GB]"
"Msvm_MemorySettingData","MemoryAccessTrackingState","UInt8","Property","Indicates if memory access tracking should be enabled. [枚举值: 0 - TrackingDisabled; 1 - TrackingEnabled; 2 - UsePerNUMAConfiguration]"
"Msvm_MemorySettingData","MemoryEncryptionPolicy","UInt8","Property","Indicates the memory encryption policy [枚举值: 0 - Disabled; 1 - EnabledIfSupported; 2 - AlwaysEnabled]"
"Msvm_MemorySettingData","OtherResourceType","String","Property","[无描述]"
"Msvm_MemorySettingData","Parent","String","Property","[无描述]"
"Msvm_MemorySettingData","PoolID","String","Property","[无描述]"
"Msvm_MemorySettingData","Reservation","UInt64","Property","[无描述]"
"Msvm_MemorySettingData","ResourceSubType","String","Property","[无描述]"
"Msvm_MemorySettingData","ResourceType","UInt16","Property","[无描述]"
"Msvm_MemorySettingData","SgxEnabled","Boolean","Property","Indicates if SGX is enabled."
"Msvm_MemorySettingData","SgxLaunchControlDefault","String","Property","The default SGX launch control MSR values for the VM."
"Msvm_MemorySettingData","SgxLaunchControlMode","UInt32","Property","The SGX launch control mode for the VM. [枚举值: 0 - No access; 1 - Read-only; 2 - Read-write]"
"Msvm_MemorySettingData","SgxSize","UInt64","Property","The amount of SGX memory to allocate for the VM, in MB."
"Msvm_MemorySettingData","SwapFilesInUse","Boolean","Property","Indicates if Smart Paging is active."
"Msvm_MemorySettingData","TargetMemoryBuffer","UInt32","Property","Indicates the available target memory."
"Msvm_MemorySettingData","VirtualQuantity","UInt64","Property","[无描述]"
"Msvm_MemorySettingData","VirtualQuantityUnits","String","Property","[无描述]"
"Msvm_MemorySettingData","Weight","UInt32","Property","[无描述]"
"Msvm_StorageAllocationSettingData","Access","UInt16","Property","[无描述]"
"Msvm_StorageAllocationSettingData","Address","String","Property","[无描述]"
"Msvm_StorageAllocationSettingData","AddressOnParent","String","Property","[无描述]"
"Msvm_StorageAllocationSettingData","AllocationUnits","String","Property","[无描述]"
"Msvm_StorageAllocationSettingData","AutomaticAllocation","Boolean","Property","[无描述]"
"Msvm_StorageAllocationSettingData","AutomaticDeallocation","Boolean","Property","[无描述]"
"Msvm_StorageAllocationSettingData","CachingMode","UInt16","Property","Indicates whether and how in-memory file caching should be used for this VHD. The default policy is set in the DefaultVirtualHardDiskCachingMode field of the Msvm_VirtualSystemManagementServiceSettingData class. This property is reserved for system use. [枚举值: 0 - Unknown; 2 - Default; 3 - No Caching; 4 - Cache Sharable Parents]"
"Msvm_StorageAllocationSettingData","Caption","String","Property","[无描述]"
"Msvm_StorageAllocationSettingData","Connection","String","Property","[无描述]"
"Msvm_StorageAllocationSettingData","ConsumerVisibility","UInt16","Property","[无描述]"
"Msvm_StorageAllocationSettingData","Description","String","Property","[无描述]"
"Msvm_StorageAllocationSettingData","ElementName","String","Property","[无描述]"
"Msvm_StorageAllocationSettingData","HostExtentName","String","Property","[无描述]"
"Msvm_StorageAllocationSettingData","HostExtentNameFormat","UInt16","Property","[无描述]"
"Msvm_StorageAllocationSettingData","HostExtentNameNamespace","UInt16","Property","[无描述]"
"Msvm_StorageAllocationSettingData","HostExtentStartingAddress","UInt64","Property","[无描述]"
"Msvm_StorageAllocationSettingData","HostResource","String","Property","[无描述]"
"Msvm_StorageAllocationSettingData","HostResourceBlockSize","UInt64","Property","[无描述]"
"Msvm_StorageAllocationSettingData","IgnoreFlushes","Boolean","Property","Specifies whether requests from the VM to flush or write through the cache are respected. If true, then the host ignores all flush or write through requests."
"Msvm_StorageAllocationSettingData","InstanceID","String","Property","[无描述]"
"Msvm_StorageAllocationSettingData","IOPSAllocationUnits","String","Property","Specifies the allocation units used by the IOPSLimit and IOPSReservation properties."
"Msvm_StorageAllocationSettingData","IOPSLimit","UInt64","Property","The maximum number of I/O operations per second which will be serviced for this virtual storage extent. If the value is not defined or 0 there is no limit to the number of IOPS that the device can issue.This property is expressed in normalized I/Os per second. Each I/O request is accounted for as 1 normalized I/O if the size of the request is less than or equal to a predefined base size (8KB). Requests that are larger than the base size are accounted for as N I/Os, where N is the rounded-up value of the request size divided by the base size (for example, if the base size is 8KB, a 32KB requests is counted as 4 normalized I/Os, a 60KB request as 8 normalized I/Os, etc...)."
"Msvm_StorageAllocationSettingData","IOPSReservation","UInt64","Property","The minimum number of I/O operations per second which will be serviced for this virtual storage extent. If both IOPSLimit and IOPSReservation are defined, the value of IOPSLimit must be greater or equal to IOPSReservation. This property is expressed in normalized I/Os per second. Each I/O request is accounted for as 1 normalized I/O if the size of the request is less than or equal to a predefined base size (8KB). Requests that are larger than the base size are accounted for as N I/Os, where N is the rounded-up value of the request size divided by the base size (for example, if the base size is 8KB, a 32KB requests is counted as 4 normalized I/Os, a 64KB request as 8 normalized I/Os, etc...)."
"Msvm_StorageAllocationSettingData","Limit","UInt64","Property","[无描述]"
"Msvm_StorageAllocationSettingData","MappingBehavior","UInt16","Property","[无描述]"
"Msvm_StorageAllocationSettingData","OtherHostExtentNameFormat","String","Property","[无描述]"
"Msvm_StorageAllocationSettingData","OtherHostExtentNameNamespace","String","Property","[无描述]"
"Msvm_StorageAllocationSettingData","OtherResourceType","String","Property","[无描述]"
"Msvm_StorageAllocationSettingData","Parent","String","Property","[无描述]"
"Msvm_StorageAllocationSettingData","PersistentReservationsSupported","Boolean","Property","Indicates whether the virtual hard disk supports SCSI-3 persistent reservations"
"Msvm_StorageAllocationSettingData","PoolID","String","Property","[无描述]"
"Msvm_StorageAllocationSettingData","Reservation","UInt64","Property","[无描述]"
"Msvm_StorageAllocationSettingData","ResourceSubType","String","Property","[无描述]"
"Msvm_StorageAllocationSettingData","ResourceType","UInt16","Property","[无描述]"
"Msvm_StorageAllocationSettingData","SnapshotId","String","Property","A GUID representing which snapshot within the VHD Set file is to be attached."
"Msvm_StorageAllocationSettingData","StorageQoSPolicyID","String","Property","Specifies the unique identifier of the Storage QoS Policy to be applied to this virtual storage extent."
"Msvm_StorageAllocationSettingData","VirtualQuantity","UInt64","Property","[无描述]"
"Msvm_StorageAllocationSettingData","VirtualQuantityUnits","String","Property","[无描述]"
"Msvm_StorageAllocationSettingData","VirtualResourceBlockSize","UInt64","Property","[无描述]"
"Msvm_StorageAllocationSettingData","Weight","UInt32","Property","[无描述]"
"Msvm_StorageAllocationSettingData","WriteHardeningMethod","UInt16","Property","Indicates what write hardening method is supported by the disk. [枚举值: 0 - Default; 1 - WriteCacheEnabled; 2 - WriteCacheandFUAEnabled; 3 - WriteCacheDisabled]"
"Msvm_SummaryInformation","AllocatedGPU","String","Property","The identifier of the physical graphics processing unit (GPU) allocated to this virtual machine (VM). This property only applies to VMs that use RemoteFX."
"Msvm_SummaryInformation","ApplicationHealth","UInt16","Property","The current application health status for the virtual system. This property may be one of the following values: ""OK""; ""Application Critical""; ""Disabled"".For more information, see the documentation for the StatusDescriptions property of the Msvm_HeartbeatComponent class. This property is not valid for instances of Msvm_SummaryInformation representing a virtual system snapshot. [枚举值: 2 - OK; 32782 - Application Critical; 32896 - Disabled]"
"Msvm_SummaryInformation","AsynchronousTasks","Object","Property","An array of Msvm_ConcreteJob instances representing any asynchronous operations related to the virtual system which are currently executing. This property is not valid for instances of Msvm_SummaryInformation representing a virtual system snapshot."
"Msvm_SummaryInformation","AvailableMemoryBuffer","SInt32","Property","The available memory buffer percentage in the virtual system."
"Msvm_SummaryInformation","Caption","String","Property","[无描述]"
"Msvm_SummaryInformation","CreationTime","DateTime","Property","[无描述]"
"Msvm_SummaryInformation","Description","String","Property","[无描述]"
"Msvm_SummaryInformation","ElementName","String","Property","[无描述]"
"Msvm_SummaryInformation","EnabledState","UInt16","Property","[无描述]"
"Msvm_SummaryInformation","EnhancedSessionModeState","UInt16","Property","[无描述]"
"Msvm_SummaryInformation","GuestOperatingSystem","String","Property","The name of the guest operating system, if available. If this information is not available, the value of this property is NULL. This property is not valid for instances of Msvm_SummaryInformation representing a virtual system snapshot."
"Msvm_SummaryInformation","HealthState","UInt16","Property","[无描述]"
"Msvm_SummaryInformation","Heartbeat","UInt16","Property","The current heartbeat status for the virtual system. This property may be one of the following values: ""OK""; ""Error""; ""No Contact""; or ""Lost Communication"". For more information, see the documentation for the StatusDescriptions property of the Msvm_HeartbeatComponent class. This property is not valid for instances of Msvm_SummaryInformation representing a virtual system snapshot."
"Msvm_SummaryInformation","HostComputerSystemName","String","Property","[无描述]"
"Msvm_SummaryInformation","HypervisorPartitionId","UInt64","Property","The unique identifier of the hypervisor partition used by the virtual system."
"Msvm_SummaryInformation","InstanceID","String","Property","[无描述]"
"Msvm_SummaryInformation","IntegrationServicesVersionState","UInt16","Property","Whether or not the integration services installed in the virtual machine are up to date [枚举值: 0 - Unknown; 1 - UpToDate; 2 - Mismatch]"
"Msvm_SummaryInformation","MemoryAvailable","SInt32","Property","The memory available percentage in the virtual system."
"Msvm_SummaryInformation","MemorySpansPhysicalNumaNodes","Boolean","Property","Indicates whether or not the memory of the one or more of the virtual non-uniform memory access (NUMA) nodes of the virtual machine spans multiple physical NUMA nodes of the hosting computer system."
"Msvm_SummaryInformation","MemoryUsage","UInt64","Property","The current memory usage of the virtual system. This property is not valid for instances of Msvm_SummaryInformation representing a virtual system snapshot."
"Msvm_SummaryInformation","Name","String","Property","[无描述]"
"Msvm_SummaryInformation","Notes","String","Property","[无描述]"
"Msvm_SummaryInformation","NumberOfProcessors","UInt16","Property","[无描述]"
"Msvm_SummaryInformation","OperationalStatus","UInt16","Property","[无描述]"
"Msvm_SummaryInformation","OtherEnabledState","String","Property","[无描述]"
"Msvm_SummaryInformation","ProcessorLoad","UInt16","Property","The current processor usage of the virtual system. This property is not valid for instances of Msvm_SummaryInformation representing a virtual system snapshot."
"Msvm_SummaryInformation","ProcessorLoadHistory","UInt16","Property","An array of the previous 100 samples of the processor usage for the virtual system. This property is not valid for instances of Msvm_SummaryInformation representing a virtual system snapshot."
"Msvm_SummaryInformation","ReplicationHealth","UInt16","Property","Replication health for the virtual machine. [枚举值: 0 - Not applicable; 1 - Ok; 2 - Warning; 3 - Critical]"
"Msvm_SummaryInformation","ReplicationHealthEx","UInt16","Property","The array of Replication health values for the various replication relationships of the virtual machine. [枚举值: 0 - Not applicable; 1 - Ok; 2 - Warning; 3 - Critical]"
"Msvm_SummaryInformation","ReplicationMode","UInt16","Property","Identifies replication type for the virtual machine. [枚举值: 0 - None; 1 - Primary; 2 - Replica; 3 - Test Replica; 4 - Extended Replica]"
"Msvm_SummaryInformation","ReplicationProviderId","String","Property","Globally unique identifier of provider that identifies the endpoint provider. For Hyper-V host to another Hyper-V host, provider id is fixed as 22391CDC-272C-4DDF-BA88-9BEFB1A0975C. In case of external provider this is CLSID of provider COM class object."
"Msvm_SummaryInformation","ReplicationState","UInt16","Property","Replication state for the virtual machine. [枚举值: 0 - Disabled; 1 - Ready for replication; 2 - Waiting to complete initial replication; 3 - Replicating; 4 - Synced replication complete; 5 - Recovered; 6 - Committed; 7 - Suspended; 8 - Critical; 9 - Waiting to start resynchronization; 10 - Resynchronizing; 11 - Resynchronization suspended; 12 - Failover in progress]"
"Msvm_SummaryInformation","ReplicationStateEx","UInt16","Property","The array of Replication state values for the various replication relationships of the virtual machine. [枚举值: 0 - Disabled; 1 - Ready for replication; 2 - Waiting to complete initial replication; 3 - Replicating; 4 - Synced replication complete; 5 - Recovered; 6 - Committed; 7 - Suspended; 8 - Critical; 9 - Waiting to start resynchronization; 10 - Resynchronizing; 11 - Resynchronization suspended; 12 - Failover in progress; 13 - Failback in progress; 14 - Failback complete; 15 - Disk update in progress; 16 - Disk update critical; 17 - Unknown; 18 - Repurpose replication in progress; 19 - Prepared for sync replication; 20 - Prepared for group reverse replication; 21 - Firedrill in progress]"
"Msvm_SummaryInformation","Shielded","Boolean","Property","Indicates whether or not shielding is configured for the virtual machine."
"Msvm_SummaryInformation","Snapshots","Object","Property","An array of Msvm_VirtualSystemSettingData instances representing the snapshots for the virtual system. This property is not valid for instances of Msvm_SummaryInformation representing a virtual system snapshot."
"Msvm_SummaryInformation","StatusDescriptions","String","Property","[无描述]"
"Msvm_SummaryInformation","SwapFilesInUse","Boolean","Property","Indicates if Smart Paging is active."
"Msvm_SummaryInformation","TestReplicaSystem","Reference","Property","Reference to the CIM_ComputerSystem instance representing the test replica virtual system for the virtual machine. This property is not valid for instances of Msvm_SummaryInformation representing a virtual system snapshot."
"Msvm_SummaryInformation","ThumbnailImage","UInt8","Property","An array containing a small, thumbnail-sized image of the desktop for the virtual system or snapshot in RGB565 format."
"Msvm_SummaryInformation","ThumbnailImageHeight","UInt16","Property","The height in pixels of the image in the ThumbnailImage property."
"Msvm_SummaryInformation","ThumbnailImageWidth","UInt16","Property","The width in pixels of the image in the ThumbnailImage property."
"Msvm_SummaryInformation","UpTime","UInt64","Property","[无描述]"
"Msvm_SummaryInformation","Version","String","Property","[无描述]"
"Msvm_SummaryInformation","VirtualSwitchNames","String","Property","[无描述]"
"Msvm_SummaryInformation","VirtualSystemSubType","String","Property","[无描述]"
"Msvm_GpuPartitionSettingData","Address","String","Property","[无描述]"
"Msvm_GpuPartitionSettingData","AddressOnParent","String","Property","[无描述]"
"Msvm_GpuPartitionSettingData","AllocationUnits","String","Property","[无描述]"
"Msvm_GpuPartitionSettingData","AutomaticAllocation","Boolean","Property","[无描述]"
"Msvm_GpuPartitionSettingData","AutomaticDeallocation","Boolean","Property","[无描述]"
"Msvm_GpuPartitionSettingData","Caption","String","Property","[无描述]"
"Msvm_GpuPartitionSettingData","Connection","String","Property","[无描述]"
"Msvm_GpuPartitionSettingData","ConsumerVisibility","UInt16","Property","[无描述]"
"Msvm_GpuPartitionSettingData","Description","String","Property","[无描述]"
"Msvm_GpuPartitionSettingData","ElementName","String","Property","[无描述]"
"Msvm_GpuPartitionSettingData","HostResource","String","Property","[无描述]"
"Msvm_GpuPartitionSettingData","InstanceID","String","Property","[无描述]"
"Msvm_GpuPartitionSettingData","Limit","UInt64","Property","[无描述]"
"Msvm_GpuPartitionSettingData","MappingBehavior","UInt16","Property","[无描述]"
"Msvm_GpuPartitionSettingData","MaxPartitionCompute","UInt64","Property","The maximum amount of compute engines which will appear in the GPU partition."
"Msvm_GpuPartitionSettingData","MaxPartitionDecode","UInt64","Property","The maximum amount of decode engines which will appear in the GPU partition."
"Msvm_GpuPartitionSettingData","MaxPartitionEncode","UInt64","Property","The maximum amount of encode engines which will appear in the GPU partition."
"Msvm_GpuPartitionSettingData","MaxPartitionVRAM","UInt64","Property","The maximum amount of VRAM which will appear in the GPU partition."
"Msvm_GpuPartitionSettingData","MinPartitionCompute","UInt64","Property","The minumum amount of compute engines which will appear in the GPU partition."
"Msvm_GpuPartitionSettingData","MinPartitionDecode","UInt64","Property","The minimum amount of decode engines which will appear in the GPU partition."
"Msvm_GpuPartitionSettingData","MinPartitionEncode","UInt64","Property","The minumum amount of encode engines which will appear in the GPU partition."
"Msvm_GpuPartitionSettingData","MinPartitionVRAM","UInt64","Property","The minimum amount of VRAM which will appear in the GPU partition."
"Msvm_GpuPartitionSettingData","NumaAwarePlacement","Boolean","Property","Specifies whether the device is configured in a NUMA-aware manner."
"Msvm_GpuPartitionSettingData","OptimalPartitionCompute","UInt64","Property","The optimal amount of compute engines which will appear in the GPU partition."
"Msvm_GpuPartitionSettingData","OptimalPartitionDecode","UInt64","Property","The optimal amount of decode engines which will appear in the GPU partition."
"Msvm_GpuPartitionSettingData","OptimalPartitionEncode","UInt64","Property","The optimal amount of encode engines which will appear in the GPU partition."
"Msvm_GpuPartitionSettingData","OptimalPartitionVRAM","UInt64","Property","The optimal amount of VRAM which will appear in the GPU partition."
"Msvm_GpuPartitionSettingData","OtherResourceType","String","Property","[无描述]"
"Msvm_GpuPartitionSettingData","Parent","String","Property","[无描述]"
"Msvm_GpuPartitionSettingData","PoolID","String","Property","[无描述]"
"Msvm_GpuPartitionSettingData","Reservation","UInt64","Property","[无描述]"
"Msvm_GpuPartitionSettingData","ResourceSubType","String","Property","[无描述]"
"Msvm_GpuPartitionSettingData","ResourceType","UInt16","Property","[无描述]"
"Msvm_GpuPartitionSettingData","VirtualQuantity","UInt64","Property","[无描述]"
"Msvm_GpuPartitionSettingData","VirtualQuantityUnits","String","Property","[无描述]"
"Msvm_GpuPartitionSettingData","VirtualSystemIdentifiers","String","Property","A free-form string array of identifiers of this resource presented to the virtual computer system's operating system. The indexes and values per index are defined on a per resource basis (that is, for each enumerated ResourceType value). This property is set to ""GUID"". This is a read-only property, but it can be changed using the ModifyVirtualSystemResources method."
"Msvm_GpuPartitionSettingData","Weight","UInt32","Property","[无描述]"
"Msvm_PartitionableGpu","AvailableCompute","UInt64","Property","The available amount of compute engines which will appear in the GPU partition."
"Msvm_PartitionableGpu","AvailableDecode","UInt64","Property","The available amount of decode engines which will appear in the GPU partition."
"Msvm_PartitionableGpu","AvailableEncode","UInt64","Property","The available amount of encode engines which will appear in the GPU partition."
"Msvm_PartitionableGpu","AvailableRequestedStates","UInt16","Property","[无描述]"
"Msvm_PartitionableGpu","AvailableVRAM","UInt64","Property","The available amount of VRAM which will appear in the GPU partition."
"Msvm_PartitionableGpu","Caption","String","Property","[无描述]"
"Msvm_PartitionableGpu","CommunicationStatus","UInt16","Property","[无描述]"
"Msvm_PartitionableGpu","CreationClassName","String","Property","[无描述]"
"Msvm_PartitionableGpu","Dedicated","UInt16","Property","[无描述]"
"Msvm_PartitionableGpu","Description","String","Property","[无描述]"
"Msvm_PartitionableGpu","DetailedStatus","UInt16","Property","[无描述]"
"Msvm_PartitionableGpu","ElementName","String","Property","[无描述]"
"Msvm_PartitionableGpu","EnabledDefault","UInt16","Property","[无描述]"
"Msvm_PartitionableGpu","EnabledState","UInt16","Property","[无描述]"
"Msvm_PartitionableGpu","HealthState","UInt16","Property","[无描述]"
"Msvm_PartitionableGpu","IdentifyingDescriptions","String","Property","[无描述]"
"Msvm_PartitionableGpu","InstallDate","DateTime","Property","[无描述]"
"Msvm_PartitionableGpu","InstanceID","String","Property","[无描述]"
"Msvm_PartitionableGpu","MaxPartitionCompute","UInt64","Property","The maximum amount of compute engines which will appear in the GPU partition."
"Msvm_PartitionableGpu","MaxPartitionDecode","UInt64","Property","The maximum amount of decode engines which will appear in the GPU partition."
"Msvm_PartitionableGpu","MaxPartitionEncode","UInt64","Property","The maximum amount of encode engines which will appear in the GPU partition."
"Msvm_PartitionableGpu","MaxPartitionVRAM","UInt64","Property","The maximum amount of VRAM which will appear in the GPU partition."
"Msvm_PartitionableGpu","MinPartitionCompute","UInt64","Property","The minumum amount of compute engines which will appear in the GPU partition."
"Msvm_PartitionableGpu","MinPartitionDecode","UInt64","Property","The minimum amount of decode engines which will appear in the GPU partition."
"Msvm_PartitionableGpu","MinPartitionEncode","UInt64","Property","The minumum amount of encode engines which will appear in the GPU partition."
"Msvm_PartitionableGpu","MinPartitionVRAM","UInt64","Property","The minimum amount of VRAM which will appear in the GPU partition."
"Msvm_PartitionableGpu","Name","String","Property","[无描述]"
"Msvm_PartitionableGpu","NameFormat","String","Property","[无描述]"
"Msvm_PartitionableGpu","OperatingStatus","UInt16","Property","[无描述]"
"Msvm_PartitionableGpu","OperationalStatus","UInt16","Property","[无描述]"
"Msvm_PartitionableGpu","OptimalPartitionCompute","UInt64","Property","The optimal amount of compute engines which will appear in the GPU partition."
"Msvm_PartitionableGpu","OptimalPartitionDecode","UInt64","Property","The optimal amount of decode engines which will appear in the GPU partition."
"Msvm_PartitionableGpu","OptimalPartitionEncode","UInt64","Property","The optimal amount of encode engines which will appear in the GPU partition."
"Msvm_PartitionableGpu","OptimalPartitionVRAM","UInt64","Property","The optimal amount of VRAM which will appear in the GPU partition."
"Msvm_PartitionableGpu","OtherDedicatedDescriptions","String","Property","[无描述]"
"Msvm_PartitionableGpu","OtherEnabledState","String","Property","[无描述]"
"Msvm_PartitionableGpu","OtherIdentifyingInfo","String","Property","[无描述]"
"Msvm_PartitionableGpu","PartitionCount","UInt16","Property","The amount of GPU partitions the physical GPU is sliced into."
"Msvm_PartitionableGpu","PowerManagementCapabilities","UInt16","Property","[无描述]"
"Msvm_PartitionableGpu","PrimaryOwnerContact","String","Property","[无描述]"
"Msvm_PartitionableGpu","PrimaryOwnerName","String","Property","[无描述]"
"Msvm_PartitionableGpu","PrimaryStatus","UInt16","Property","[无描述]"
"Msvm_PartitionableGpu","RequestedState","UInt16","Property","[无描述]"
"Msvm_PartitionableGpu","ResetCapability","UInt16","Property","[无描述]"
"Msvm_PartitionableGpu","Roles","String","Property","[无描述]"
"Msvm_PartitionableGpu","Status","String","Property","[无描述]"
"Msvm_PartitionableGpu","StatusDescriptions","String","Property","[无描述]"
"Msvm_PartitionableGpu","SupportsIncomingLiveMigration","Boolean","Property","Indicates if the partitionable GPU supports incoming VM live migration of GPU partition from a compatible GPU."
"Msvm_PartitionableGpu","TimeOfLastStateChange","DateTime","Property","[无描述]"
"Msvm_PartitionableGpu","TotalCompute","UInt64","Property","The total amount of compute engines which will appear in the GPU partition."
"Msvm_PartitionableGpu","TotalDecode","UInt64","Property","The total amount of decode engines which will appear in the GPU partition."
"Msvm_PartitionableGpu","TotalEncode","UInt64","Property","The total amount of encode engines which will appear in the GPU partition."
"Msvm_PartitionableGpu","TotalVRAM","UInt64","Property","The total amount of VRAM which will appear in the GPU partition."
"Msvm_PartitionableGpu","TransitioningToState","UInt16","Property","[无描述]"
"Msvm_PartitionableGpu","ValidPartitionCounts","UInt16","Property","An array of valid GPU partition options the physical GPU can be sliced into."
"Msvm_PartitionableGpu","RequestStateChange","Method","Method","[无描述]"
"Msvm_PartitionableGpu","SetPowerState","Method","Method","[无描述]"
"Msvm_VirtualSystemManagementService","AvailableRequestedStates","UInt16","Property","[无描述]"
"Msvm_VirtualSystemManagementService","Caption","String","Property","[无描述]"
"Msvm_VirtualSystemManagementService","CommunicationStatus","UInt16","Property","[无描述]"
"Msvm_VirtualSystemManagementService","CreationClassName","String","Property","[无描述]"
"Msvm_VirtualSystemManagementService","Description","String","Property","[无描述]"
"Msvm_VirtualSystemManagementService","DetailedStatus","UInt16","Property","[无描述]"
"Msvm_VirtualSystemManagementService","ElementName","String","Property","[无描述]"
"Msvm_VirtualSystemManagementService","EnabledDefault","UInt16","Property","[无描述]"
"Msvm_VirtualSystemManagementService","EnabledState","UInt16","Property","[无描述]"
"Msvm_VirtualSystemManagementService","HealthState","UInt16","Property","[无描述]"
"Msvm_VirtualSystemManagementService","InstallDate","DateTime","Property","[无描述]"
"Msvm_VirtualSystemManagementService","InstanceID","String","Property","[无描述]"
"Msvm_VirtualSystemManagementService","Name","String","Property","[无描述]"
"Msvm_VirtualSystemManagementService","OperatingStatus","UInt16","Property","[无描述]"
"Msvm_VirtualSystemManagementService","OperationalStatus","UInt16","Property","[无描述]"
"Msvm_VirtualSystemManagementService","OtherEnabledState","String","Property","[无描述]"
"Msvm_VirtualSystemManagementService","PrimaryOwnerContact","String","Property","[无描述]"
"Msvm_VirtualSystemManagementService","PrimaryOwnerName","String","Property","[无描述]"
"Msvm_VirtualSystemManagementService","PrimaryStatus","UInt16","Property","[无描述]"
"Msvm_VirtualSystemManagementService","RequestedState","UInt16","Property","[无描述]"
"Msvm_VirtualSystemManagementService","Started","Boolean","Property","[无描述]"
"Msvm_VirtualSystemManagementService","StartMode","String","Property","[无描述]"
"Msvm_VirtualSystemManagementService","Status","String","Property","[无描述]"
"Msvm_VirtualSystemManagementService","StatusDescriptions","String","Property","[无描述]"
"Msvm_VirtualSystemManagementService","SystemCreationClassName","String","Property","[无描述]"
"Msvm_VirtualSystemManagementService","SystemName","String","Property","[无描述]"
"Msvm_VirtualSystemManagementService","TimeOfLastStateChange","DateTime","Property","[无描述]"
"Msvm_VirtualSystemManagementService","TransitioningToState","UInt16","Property","[无描述]"
"Msvm_VirtualSystemManagementService","RequestStateChange","Method","Method","[无描述]"
"Msvm_VirtualSystemManagementService","StartService","Method","Method","[无描述]"
"Msvm_VirtualSystemManagementService","StopService","Method","Method","[无描述]"
"Msvm_VirtualSystemManagementService","AddResourceSettings","Method","Method","Adds resources to a virtual system configuration .When applied to a ""state"" virtual system configuration, as a side effect resources are added to the active virtual system."
"Msvm_VirtualSystemManagementService","DefineSystem","Method","Method","Defines a virtual system. Input that is not completely specified may be filled out with default values."
"Msvm_VirtualSystemManagementService","DestroySystem","Method","Method","Destroys a virtual system. The referenced virtual system is destroyed, including any elements scoped by it. Virtual resources are returned to their resource pools, which may imply the destruction of those resources (implementation dependent). If the virtual system is active when the operation is invoked, it is first deactivated and then destroyed. If snapshots were created from the virtual system, these are destroyed as well."
"Msvm_VirtualSystemManagementService","ModifyResourceSettings","Method","Method","Modifies virtual resource settings. When applied to parts of a ""current"" virtual system configuration, as a side effect resources of the active virtual system may be modified."
"Msvm_VirtualSystemManagementService","ModifySystemSettings","Method","Method","Modifies virtual system settings. When applied to the system settings of a ""current"" virtual system configuration, as a side effect the virtual system instance may be modified."
"Msvm_VirtualSystemManagementService","RemoveResourceSettings","Method","Method","Removes virtual resource settings from a virtual system configuration. When applied to parts of a ""current"" virtual system configuration, as a side effect resources of the active virtual system may be removed."
"Msvm_VirtualSystemManagementService","DefinePlannedSystem","Method","Method","Defines a planned virtual system. Input that is not completely specified may be filled out with default values."
"Msvm_VirtualSystemManagementService","ValidatePlannedSystem","Method","Method","[无描述]"
"Msvm_VirtualSystemManagementService","UpgradeSystemVersion","Method","Method","Upgrades the virtual system. When applied to the system settings of a ""current"" virtual system configuration"
"Msvm_VirtualSystemManagementService","ImportSystemDefinition","Method","Method","Creates a new planned computer system based on the specified virtual system definition.  The specified definition files must not already be in use by the host system or the virtualization platform.  The SnapshotFolder folder will be searched in order to locate any snapshots referenced by the virtual system definition.  Any referenced snapshots not found in this location must be deleted using the RemoveVirtualSystemSnapshot method, or imported using the ImportSnapshotDefinitions method prior to realizing the planned computer system."
"Msvm_VirtualSystemManagementService","ImportSnapshotDefinitions","Method","Method","Searches the SnapshotFolder folder for any snapshot definition files associated with the specified planned computer system.  A new snapshot is created on the planned computer system for every associated definition file in this location."
"Msvm_VirtualSystemManagementService","RealizePlannedSystem","Method","Method","Validates the configuration of a planned virtual system and converts it to a realized virtual system.  Any runtime or saved state files associated with the virtual system will be copied from the import directory to the virtual system's data root, if applicable."
"Msvm_VirtualSystemManagementService","ExportSystemDefinition","Method","Method","Exports a virtual computer system, or a snapshot of a virtual computer system, in the ""powered off"" or ""saved"" state to a file. The virtual computer system, its associated configuration settings, and its associated resource settings will be preserved in the resulting file. Return value: If this method is executed synchronously, it returns 0 if it succeeds. If this method is executed asynchronously, it returns 4096 and the Job output parameter can be used to track the progress of the asynchronous operation. Any other return value indicates an error."
"Msvm_VirtualSystemManagementService","AddFeatureSettings","Method","Method","Adds Ethernet feature settings to the configuration of avirtual machine Ethernet connection."
"Msvm_VirtualSystemManagementService","ModifyFeatureSettings","Method","Method","Modifies the current feature settings of a virtual machine Ethernet connection."
"Msvm_VirtualSystemManagementService","RemoveFeatureSettings","Method","Method","Removes feature settings from a virtual machine Ethernet connection."
"Msvm_VirtualSystemManagementService","AddBootSourceSettings","Method","Method","Adds boot sources to a virtual system configuration when applied to a ""state"" virtual system configuration."
"Msvm_VirtualSystemManagementService","AddGuestServiceSettings","Method","Method","Adds guest service settings to a virtual system configuration. When applied to parts of a ""current"" virtual system configuration, as a side effect guest services of the active virtual system may be modified."
"Msvm_VirtualSystemManagementService","ModifyGuestServiceSettings","Method","Method","Modifies guest service settings. When applied to parts of a ""current"" virtual system configuration, as a side effect guest services of the active virtual system may be modified."
"Msvm_VirtualSystemManagementService","RemoveBootSourceSettings","Method","Method","Removes virtual resource settings from a virtual system configuration. When applied to parts of a ""current"" virtual system configuration, as a side effect resources of the active virtual system may be removed."
"Msvm_VirtualSystemManagementService","RemoveGuestServiceSettings","Method","Method","Removes guest service settings from a virtual system configuration. When applied to parts of a ""current"" virtual system configuration, as a side effect guest services of the active virtual system may be modified."
"Msvm_VirtualSystemManagementService","GetVirtualSystemThumbnailImage","Method","Method","Retrieves the thumbnail image of an existing virtual system. Return value: This method returns values in raw RGB 565 format."
"Msvm_VirtualSystemManagementService","ModifyServiceSettings","Method","Method","Modifies the setting data for the service."
"Msvm_VirtualSystemManagementService","GetSummaryInformation","Method","Method","Returns virtual system summary information."
"Msvm_VirtualSystemManagementService","GetDefinitionFileSummaryInformation","Method","Method","Returns virtual system summary information for the specified virtual machine definition files."
"Msvm_VirtualSystemManagementService","AddKvpItems","Method","Method","Adds key-value pairs to a virtual system."
"Msvm_VirtualSystemManagementService","ModifyKvpItems","Method","Method","Modifies existing key-value pairs on a virtual system."
"Msvm_VirtualSystemManagementService","RemoveKvpItems","Method","Method","Removes existing key-value pairs from a virtual system."
"Msvm_VirtualSystemManagementService","FormatError","Method","Method","Returns the formatted error message string for the specified array of embedded Msvm_Error instances."
"Msvm_VirtualSystemManagementService","ModifyDiskMergeSettings","Method","Method","Modifies the disk merge setting data."
"Msvm_VirtualSystemManagementService","GenerateWwpn","Method","Method","This API generates a requested number of WorldWidePortNames from within a preconfigured range defined by MinimumWwpnAddress and MaximumWwpnAddress properties of class Msvm_VirtualSystemManagementSettingData. The NumberOfWwpns requested per call must not be less than 1 or more than 1024. If the valid number of WWPNs that can be generated is less than the requested number, then the remaining entries in the GeneratedWwpn array will have the invalid entry of ""0000000000000000"" and the return value will indicate success (0)."
"Msvm_VirtualSystemManagementService","AddFibreChannelChap","Method","Method","This API adds DH-CHAP parameters to a synthetic fibre channel port in a VM. This will fail if the VM is running."
"Msvm_VirtualSystemManagementService","RemoveFibreChannelChap","Method","Method","This API removes DH-CHAP parameters to a synthetic fibre channel port in a VM. This will fail if the VM is running."
"Msvm_VirtualSystemManagementService","SetGuestNetworkAdapterConfiguration","Method","Method","Configures the network adapters within the guest operating system. These configuration parameters are applied immediately upon establishing communication with the KVP Exchange integration component running within the guest operating system."
"Msvm_VirtualSystemManagementService","GetSizeOfSystemFiles","Method","Method","Retrieves the total size of the system files. These include the configuration and saved state files."
"Msvm_VirtualSystemManagementService","GetCurrentWwpnFromGenerator","Method","Method","This API provides the ability to see the current WorldWidePortName from within a preconfigured range defined by MinimumWwpnAddress and MaximumWwpnAddress properties of class Msvm_VirtualSystemManagementSettingData. If the range as defined by these properties is exhausted, then the CurrentWwpn out parameter will have the invalid entry of ""0000000000000000"" and the return value will indicate success (0)."
"Msvm_VirtualSystemManagementService","TestNetworkConnection","Method","Method","Tests the network connectivity of a VM in a Windows Network Virtualization Environment."
"Msvm_VirtualSystemManagementService","DiagnoseNetworkConnection","Method","Method","Diagnoses the network connectivity of a VM in a Windows Network Virtualization Environment."
"Msvm_VirtualSystemManagementService","SetInitialMachineConfigurationData","Method","Method","Sets a VM's initial machine configuration data."
"Msvm_VirtualSystemManagementService","AddSystemComponentSettings","Method","Method","Adds generic settings to a virtual system configuration."
"Msvm_VirtualSystemManagementService","ModifySystemComponentSettings","Method","Method","Modifies generic system component settings."
"Msvm_VirtualSystemManagementService","RemoveSystemComponentSettings","Method","Method","Removes generic component settings from a virtual system configuration."
